customerID,invoiceNumber,InvoiceDate,DueDate,countrycode,InvoiceAmount,Disputed,SettledDate,PaperlessBill,DaysToSettle,DaysLate,DiasDesdeAdesaoDigital,qtd_faturas_historico,dias_desde_primeira_compra,hist_qtd_faturas_pagas,hist_media_atraso_ponderada,hist_qtd_disputas,ja_pagou_com_atraso,frequencia_atraso,hist_valor_em_aberto_simultaneo,mes_vencimento,vencimento_fim_mes,vencimento_fim_semana,target_atraso,Pred_Classificador,Pred_Regressor_Dias,Dias_Atraso_Finais,Data_Pagamento_Projetada
9181-HEKGV,9520565243,2013-07-12,2013-08-11,818,52.48,0,2013-08-20,0,39,9,0,18,532,15,11.800015682994408,7.0,1,0.73333335,249.8,8,0,1,1,1,5.0,5.0,2013-08-16
9322-YCTQO,1281718631,2013-07-12,2013-08-11,406,92.35,0,2013-08-12,1,31,1,462,13,530,13,7.273812164500245,0.0,1,0.9230769,0.0,8,0,1,1,1,9.0,9.0,2013-08-20
9758-AIEIK,8161191244,2013-07-13,2013-08-12,406,109.79,1,2013-08-16,1,34,4,446,17,529,15,1.605147839943343,3.0,1,0.2,112.78999999999999,8,0,0,1,1,13.0,13.0,2013-08-25
9323-NDIOV,3556859305,2013-07-13,2013-08-12,770,44.48,0,2013-08-07,1,25,0,369,15,547,15,7.618179966130615,3.0,1,0.53333336,0.0,8,0,0,0,1,4.0,4.0,2013-08-16
9149-MATVB,1591349086,2013-07-13,2013-08-12,770,51.13,0,2013-08-07,1,25,0,74,23,468,22,0.9329878397919275,0.0,1,0.22727273,36.26,8,0,0,0,0,5.0,0.0,2013-08-12
0625-TNJFG,5833648536,2013-07-13,2013-08-12,770,81.63,0,2013-08-04,0,22,0,0,21,505,19,0.4079538356286624,0.0,1,0.15789473,137.88,8,0,0,0,0,6.0,0.0,2013-08-12
3831-FXWYK,7424213127,2013-07-13,2013-08-12,770,46.56,0,2013-08-12,1,30,0,127,19,519,19,7.991672023844311,2.0,1,0.84210527,0.0,8,0,0,0,1,5.0,5.0,2013-08-17
7209-MDWKR,5866933192,2013-07-14,2013-08-13,391,62.32,0,2013-08-19,0,36,6,0,18,540,17,4.248519885122639,0.0,1,0.5882353,49.68,8,0,0,1,1,7.0,7.0,2013-08-20
9883-SDWFS,4935255726,2013-07-15,2013-08-14,897,47.13,1,2013-08-23,1,39,9,7,22,555,22,8.491259214174612,10.0,1,0.77272725,0.0,8,0,0,1,1,10.0,10.0,2013-08-24
5592-UQXSS,190687025,2013-07-15,2013-08-14,770,28.43,0,2013-08-02,1,18,0,196,15,529,15,4.237682180441197,4.0,1,0.53333336,0.0,8,0,0,0,0,4.0,0.0,2013-08-14
9149-MATVB,5069265898,2013-07-15,2013-08-14,770,46.53,0,2013-08-05,1,21,0,76,24,470,22,0.9329878397919275,0.0,1,0.22727273,87.39,8,0,0,0,0,5.0,0.0,2013-08-14
0688-XNJRO,5963438295,2013-07-16,2013-08-15,897,25.79,0,2013-08-23,1,38,8,387,24,551,22,15.395259487648897,3.0,1,0.95454544,52.59,8,0,0,1,1,9.0,9.0,2013-08-24
2621-XCLEH,9153643214,2013-07-16,2013-08-15,406,78.08,1,2013-09-02,1,48,18,295,13,550,11,23.61786356138753,5.0,1,1.0,128.11,8,0,0,1,1,18.0,18.0,2013-09-02
9322-YCTQO,8732544679,2013-07-16,2013-08-15,406,86.39,0,2013-08-26,1,41,11,466,14,534,13,7.273812164500245,0.0,1,0.9230769,92.35,8,0,0,1,1,10.0,10.0,2013-08-25
8887-NCUZC,7310206701,2013-07-17,2013-08-16,818,36.21,1,2013-08-28,1,42,12,176,28,561,26,6.282709639050276,9.0,1,0.61538464,39.4,8,0,0,1,1,7.0,7.0,2013-08-23
3448-OWJOT,5160746172,2013-07-17,2013-08-16,406,76.89,1,2013-08-10,1,24,0,305,22,549,20,8.209589728724646,19.0,1,0.9,132.22,8,0,0,0,1,6.0,6.0,2013-08-22
9323-NDIOV,8815422174,2013-07-17,2013-08-16,770,29.42,0,2013-08-10,1,24,0,373,16,551,15,7.618179966130615,3.0,1,0.53333336,44.48,8,0,0,0,1,4.0,4.0,2013-08-20
8389-TCXFQ,9506972426,2013-07-17,2013-08-16,406,76.26,1,2013-08-13,1,27,0,327,27,542,27,2.975431618801919,13.0,1,0.33333334,0.0,8,0,0,0,0,6.0,0.0,2013-08-16
7938-EVASK,975332365,2013-07-17,2013-08-16,406,72.1,0,2013-08-14,1,28,0,214,17,548,14,7.332431379988618,1.0,1,0.85714287,186.06,8,0,0,0,1,7.0,7.0,2013-08-23
7228-LEPPM,7356874575,2013-07-17,2013-08-16,770,56.73,0,2013-08-30,1,44,14,443,22,541,21,10.900098973153531,3.0,1,0.95238096,46.4,8,0,0,1,1,11.0,11.0,2013-08-27
1447-YZKCL,8401420623,2013-07-19,2013-08-18,406,116.66,1,2013-08-28,1,40,10,343,18,527,18,3.891850209246877,0.0,1,0.5555556,0.0,8,0,1,1,1,15.0,15.0,2013-09-02
6177-VTITE,9081761696,2013-07-19,2013-08-18,897,65.01,0,2013-08-03,1,15,0,266,18,529,18,0.0,4.0,0,0.0,0.0,8,0,1,0,0,5.0,0.0,2013-08-18
7245-CKNCN,472551457,2013-07-20,2013-08-19,406,66.28,0,2013-08-04,1,15,0,411,14,563,14,0.0,0.0,0,0.0,0.0,8,0,0,0,0,5.0,0.0,2013-08-19
0465-DTULQ,9012691752,2013-07-20,2013-08-19,770,38.55,0,2013-08-15,1,26,0,138,21,563,21,5.90528090734391,7.0,1,0.6666667,0.0,8,0,0,0,0,4.0,0.0,2013-08-19
9014-WENVB,3564452169,2013-07-20,2013-08-19,391,48.93,0,2013-08-14,0,25,0,0,20,550,19,2.9428496825889003,0.0,1,0.36842105,61.2,8,0,0,0,1,6.0,6.0,2013-08-25
6296-UKEUZ,4483283236,2013-07-21,2013-08-20,897,15.86,0,2013-07-23,1,2,0,237,16,492,16,0.0,2.0,0,0.0,0.0,8,0,0,0,0,7.0,0.0,2013-08-20
9883-SDWFS,6552135455,2013-07-21,2013-08-20,897,56.88,1,2013-08-27,1,37,7,13,23,561,22,8.491259214174612,10.0,1,0.77272725,47.13,8,0,0,1,1,11.0,11.0,2013-08-31
2676-DZINU,4878686047,2013-07-21,2013-08-20,391,73.61,0,2013-08-01,1,11,0,275,19,548,19,0.0,1.0,0,0.0,0.0,8,0,0,0,0,4.0,0.0,2013-08-20
3676-CQAIF,2137157897,2013-07-21,2013-08-20,897,20.55,0,2013-08-06,0,16,0,0,15,553,14,11.276513974520418,2.0,1,0.9285714,24.9,8,0,0,0,1,8.0,8.0,2013-08-28
0709-LZRJV,4444986261,2013-07-21,2013-08-20,391,81.77,1,2013-08-29,1,39,9,31,17,518,15,3.975293095961788,5.0,1,0.53333336,96.16,8,0,0,1,1,7.0,7.0,2013-08-27
6391-GBFQJ,1767708917,2013-07-21,2013-08-20,897,8.36,1,2013-08-17,0,27,0,0,9,528,9,0.0,1.0,0,0.0,0.0,8,0,0,0,0,8.0,0.0,2013-08-20
7938-EVASK,7249316066,2013-07-21,2013-08-20,406,78.68,1,2013-09-02,1,43,13,218,18,552,15,7.191762219438254,1.0,1,0.8666667,214.02,8,0,0,1,1,13.0,13.0,2013-09-02
5573-KSOIA,7510320434,2013-07-22,2013-08-21,406,70.77,0,2013-08-28,0,37,7,0,17,549,16,11.043544897223226,6.0,1,1.0,72.22,8,0,0,1,1,8.0,8.0,2013-08-29
9250-VHLWY,9566884305,2013-07-22,2013-08-21,897,51.21,0,2013-08-10,1,19,0,49,24,518,24,0.39002575432187125,1.0,1,0.125,0.0,8,0,0,0,0,5.0,0.0,2013-08-21
5875-VZQCZ,9188803308,2013-07-22,2013-08-21,818,67.57,0,2013-08-07,1,16,0,7,17,556,17,4.868433687068523,7.0,1,0.4117647,0.0,8,0,0,0,0,4.0,0.0,2013-08-21
2125-HJDLA,9012800022,2013-07-22,2013-08-21,391,33.42,1,2013-08-29,1,38,8,426,16,527,15,7.667763886223743,0.0,1,0.6666667,85.2,8,0,0,1,1,17.0,17.0,2013-09-07
8942-ERSWK,6256102305,2013-07-22,2013-08-21,897,14.0,0,2013-07-27,1,5,0,192,21,544,21,0.0,3.0,0,0.0,0.0,8,0,0,0,0,6.0,0.0,2013-08-21
7209-MDWKR,2752068327,2013-07-23,2013-08-22,391,56.03,0,2013-08-18,0,26,0,0,19,549,17,4.248519885122639,0.0,1,0.5882353,112.0,8,0,0,0,1,7.0,7.0,2013-08-29
3831-FXWYK,1587873226,2013-07-23,2013-08-22,770,65.55,0,2013-08-28,1,36,6,137,20,529,19,7.991672023844311,2.0,1,0.84210527,46.56,8,0,0,1,1,6.0,6.0,2013-08-28
5164-VMYWJ,7541035636,2013-07-23,2013-08-22,406,81.15,0,2013-08-13,0,21,0,0,25,567,25,3.3779056063752178,7.0,1,0.32,0.0,8,0,0,0,0,5.0,0.0,2013-08-22
0709-LZRJV,7100218787,2013-07-23,2013-08-22,391,61.89,0,2013-08-10,1,18,0,33,18,520,16,4.462153970499091,6.0,1,0.5625,126.47999999999999,8,0,0,0,0,5.0,0.0,2013-08-22
3271-HYHDN,5584805665,2013-07-23,2013-08-22,818,71.02,0,2013-07-23,1,0,0,86,14,532,14,0.0,0.0,0,0.0,0.0,8,0,0,0,0,5.0,0.0,2013-08-22
4092-ZAVRG,4591110269,2013-07-23,2013-08-22,406,72.88,1,2013-08-11,1,19,0,430,16,566,16,0.0,2.0,0,0.0,0.0,8,0,0,0,0,11.0,0.0,2013-08-22
7260-ZHAKS,7704631121,2013-07-24,2013-08-23,770,65.2,0,2013-08-14,1,21,0,402,19,504,19,0.7258571439338555,0.0,1,0.10526316,0.0,8,0,0,0,0,6.0,0.0,2013-08-23
7600-OISKG,681889913,2013-07-24,2013-08-23,406,48.17,1,2013-08-22,1,29,0,5,18,529,18,3.4333749300744434,17.0,1,0.5,0.0,8,0,0,0,1,4.0,4.0,2013-08-27
5196-TWQXF,6545436181,2013-07-24,2013-08-23,391,48.04,0,2013-08-15,1,22,0,399,21,515,20,1.1890402504077942,0.0,1,0.25,60.0,8,0,0,0,0,5.0,0.0,2013-08-23
9460-VAZGD,2549781436,2013-07-24,2013-08-23,897,79.06,0,2013-08-13,0,20,0,0,17,566,17,0.0,0.0,0,0.0,0.0,8,0,0,0,0,6.0,0.0,2013-08-23
5284-DJOZO,9219327120,2013-07-25,2013-08-24,406,60.3,1,2013-08-11,1,17,0,317,23,559,23,0.30707443592273176,6.0,1,0.08695652,0.0,8,0,1,0,0,6.0,0.0,2013-08-24
8690-EEBEO,8673355331,2013-07-26,2013-08-25,897,64.18,0,2013-08-26,1,31,1,233,21,544,21,9.535128319240469,1.0,1,0.95238096,0.0,8,0,1,1,1,8.0,8.0,2013-09-02
9771-QTLGZ,4160925882,2013-07-26,2013-08-25,406,41.19,1,2013-08-11,1,16,0,228,17,553,17,0.0,16.0,0,0.0,0.0,8,0,1,0,0,3.0,0.0,2013-08-25
2824-HJQPP,5993794287,2013-07-27,2013-08-26,818,36.02,0,2013-08-18,0,22,0,0,25,541,25,0.340887515529929,2.0,1,0.04,0.0,8,0,0,0,0,4.0,0.0,2013-08-26
9212-BTDMX,9936482887,2013-07-27,2013-08-26,391,68.07,0,2013-08-08,1,12,0,461,23,558,23,0.0,0.0,0,0.0,0.0,8,0,0,0,0,7.0,0.0,2013-08-26
6833-ETVHD,4478015837,2013-07-27,2013-08-26,406,87.68,0,2013-08-13,1,17,0,453,27,564,27,0.20280678094676177,0.0,1,0.074074075,0.0,8,0,0,0,0,7.0,0.0,2013-08-26
0709-LZRJV,1323201810,2013-07-27,2013-08-26,391,58.68,0,2013-08-15,1,19,0,37,19,524,17,4.208675323355271,6.0,1,0.5294118,143.66,8,0,0,0,0,5.0,0.0,2013-08-26
3568-JJMFW,1026638537,2013-07-27,2013-08-26,818,70.86,1,2013-08-23,1,27,0,565,20,522,20,0.35994773399353547,19.0,1,0.1,0.0,8,0,0,0,0,9.0,0.0,2013-08-26
9841-XLGBV,6059357698,2013-07-27,2013-08-26,391,31.12,0,2013-08-24,1,28,0,205,17,565,16,0.9021016889617423,0.0,1,0.125,36.33,8,0,0,0,0,5.0,0.0,2013-08-26
2687-XWAMA,1452931813,2013-07-28,2013-08-27,770,49.13,0,2013-08-02,1,5,0,116,22,554,22,0.3677011915353884,1.0,1,0.045454547,0.0,8,0,0,0,0,4.0,0.0,2013-08-27
6391-GBFQJ,8269617897,2013-07-28,2013-08-27,897,41.79,0,2013-08-12,0,15,0,0,10,535,9,0.0,1.0,0,0.0,8.36,8,0,0,0,0,6.0,0.0,2013-08-27
2621-XCLEH,8912612689,2013-07-28,2013-08-27,406,92.17,1,2013-09-12,1,46,16,307,14,562,12,22.576017508560135,5.0,1,0.9166667,168.7,8,0,0,1,1,22.0,22.0,2013-09-18
0465-DTULQ,8301711992,2013-07-29,2013-08-28,770,83.36,1,2013-08-26,1,28,0,147,22,572,21,5.90528090734391,7.0,1,0.6666667,38.55,8,1,0,0,1,14.0,14.0,2013-09-11
5164-VMYWJ,9250499188,2013-07-29,2013-08-28,406,75.37,0,2013-08-23,0,25,0,0,26,573,25,3.3779056063752178,7.0,1,0.32,81.15,8,1,0,0,0,4.0,0.0,2013-08-28
5284-DJOZO,9027165795,2013-07-30,2013-08-29,406,68.15,0,2013-08-06,1,7,0,322,24,564,23,0.30707443592273176,6.0,1,0.08695652,60.3,8,1,0,0,0,3.0,0.0,2013-08-29
9117-LYRCE,4237427511,2013-07-30,2013-08-29,406,41.64,0,2013-08-27,1,28,0,25,19,552,19,13.344086689872368,7.0,1,0.94736844,0.0,8,1,0,0,1,7.0,7.0,2013-09-05
3448-OWJOT,781909762,2013-07-30,2013-08-29,406,66.71,1,2013-09-09,1,41,11,318,23,562,20,8.209589728724646,19.0,1,0.9,209.11,8,1,0,1,1,10.0,10.0,2013-09-08
7758-WKLVM,7958057215,2013-07-30,2013-08-29,770,65.59,1,2013-09-24,1,56,26,540,20,531,19,12.85775035004927,6.0,1,0.8947368,55.12,8,1,0,1,1,24.0,24.0,2013-09-22
6004-KITZM,8604269690,2013-08-01,2013-08-31,818,83.37,0,2013-08-30,0,29,0,0,15,509,15,0.0,0.0,0,0.0,0.0,8,1,1,0,0,7.0,0.0,2013-08-31
3569-VJWXS,7807904455,2013-08-01,2013-08-31,391,64.19,1,2013-08-26,1,25,0,114,21,552,21,1.2848141359708767,4.0,1,0.23809524,0.0,8,1,1,0,0,6.0,0.0,2013-08-31
6627-ELFBK,3094167273,2013-08-01,2013-08-31,818,86.83,0,2013-08-23,1,22,0,248,24,573,23,2.413227706953367,8.0,1,0.3478261,72.45,8,1,1,0,0,5.0,0.0,2013-08-31
7228-LEPPM,7957459350,2013-08-01,2013-08-31,770,55.8,0,2013-09-16,1,46,16,458,23,556,21,10.900098973153531,3.0,1,0.95238096,103.13,8,1,1,1,1,11.0,11.0,2013-09-11
3568-JJMFW,5211667829,2013-08-03,2013-09-02,818,64.53,1,2013-08-24,1,21,0,572,21,529,20,0.35994773399353547,19.0,1,0.1,70.86,9,0,0,0,0,8.0,0.0,2013-09-02
2125-HJDLA,9166038468,2013-08-03,2013-09-02,391,69.73,0,2013-09-03,1,31,1,438,17,539,15,7.667763886223743,0.0,1,0.6666667,118.62,9,0,0,1,1,5.0,5.0,2013-09-07
5924-UOPGH,3394333507,2013-08-04,2013-09-03,818,65.6,0,2013-08-18,1,14,0,59,24,552,24,2.751942689366824,7.0,1,0.25,0.0,9,0,0,0,0,2.0,0.0,2013-09-03
7600-OISKG,3109120531,2013-08-04,2013-09-03,406,90.54,1,2013-09-02,1,29,0,16,19,540,18,3.4333749300744434,17.0,1,0.5,48.17,9,0,0,0,0,5.0,0.0,2013-09-03
9181-HEKGV,4395512737,2013-08-05,2013-09-04,818,72.13,1,2013-09-13,0,39,9,0,19,556,17,13.029305104129051,9.0,1,0.7647059,120.9,9,0,0,1,1,17.0,17.0,2013-09-21
0379-NEVHP,122662308,2013-08-05,2013-09-04,391,43.64,0,2013-08-21,1,16,0,121,21,540,21,0.6694592844422859,2.0,1,0.04761905,0.0,9,0,0,0,0,3.0,0.0,2013-09-04
2676-DZINU,3218896620,2013-08-05,2013-09-04,391,52.5,0,2013-08-13,1,8,0,290,20,563,20,0.0,1.0,0,0.0,0.0,9,0,0,0,0,3.0,0.0,2013-09-04
1080-NDGAE,2912484665,2013-08-05,2013-09-04,391,92.16,1,2013-09-08,1,34,4,311,24,578,23,4.042962320904341,17.0,1,0.5652174,83.49,9,0,0,1,1,6.0,6.0,2013-09-10
4092-ZAVRG,5404048854,2013-08-07,2013-09-06,406,73.08,0,2013-08-08,1,1,0,445,17,581,16,0.0,2.0,0,0.0,72.88,9,0,0,0,0,6.0,0.0,2013-09-06
6632-CGYHU,5732190469,2013-08-07,2013-09-06,391,70.51,0,2013-08-18,1,11,0,211,13,556,13,0.0,0.0,0,0.0,0.0,9,0,0,0,0,4.0,0.0,2013-09-06
5284-DJOZO,36478577,2013-08-07,2013-09-06,406,73.35,0,2013-08-15,1,8,0,330,25,572,24,0.29430854633075093,6.0,1,0.083333336,60.3,9,0,0,0,0,3.0,0.0,2013-09-06
6831-FIODB,8329193507,2013-08-08,2013-09-07,770,43.2,0,2013-08-26,1,18,0,92,22,571,22,6.0554544278992966,5.0,1,0.59090906,0.0,9,0,1,0,0,3.0,0.0,2013-09-07
9883-SDWFS,4077139866,2013-08-08,2013-09-07,897,62.77,1,2013-09-17,1,40,10,31,24,579,22,8.491259214174612,10.0,1,0.77272725,104.01,9,0,1,1,1,11.0,11.0,2013-09-18
2687-XWAMA,5104471628,2013-08-08,2013-09-07,770,62.58,0,2013-08-19,1,11,0,127,23,565,23,0.35259085776420884,1.0,1,0.04347826,0.0,9,0,1,0,0,3.0,0.0,2013-09-07
6831-FIODB,9485505932,2013-08-08,2013-09-07,770,40.18,1,2013-09-22,1,45,15,92,23,571,22,6.0554544278992966,5.0,1,0.59090906,0.0,9,0,1,1,1,7.0,7.0,2013-09-14
0709-LZRJV,9685029181,2013-08-09,2013-09-08,391,66.55,0,2013-09-11,1,33,3,50,20,537,17,4.208675323355271,6.0,1,0.5294118,202.34,9,0,1,1,0,5.0,0.0,2013-09-08
9323-NDIOV,2131645470,2013-08-09,2013-09-08,770,61.06,0,2013-09-05,1,27,0,396,17,574,16,7.209845152738447,3.0,1,0.5,29.42,9,0,1,0,0,4.0,0.0,2013-09-08
9174-IYKOC,3509509542,2013-08-09,2013-09-08,391,66.82,0,2013-09-02,1,24,0,255,21,532,21,2.0565521967562628,2.0,1,0.33333334,0.0,9,0,1,0,0,3.0,0.0,2013-09-08
6632-CGYHU,6534753348,2013-08-10,2013-09-09,391,60.61,0,2013-08-22,1,12,0,214,14,559,13,0.0,0.0,0,0.0,70.51,9,0,0,0,0,5.0,0.0,2013-09-09
3271-HYHDN,367399005,2013-08-10,2013-09-09,818,58.78,0,2013-08-10,1,0,0,104,15,550,15,0.0,0.0,0,0.0,0.0,9,0,0,0,0,3.0,0.0,2013-09-09
5164-VMYWJ,8336544833,2013-08-10,2013-09-09,406,45.49,0,2013-09-01,0,22,0,0,27,585,25,3.3779056063752178,7.0,1,0.32,156.52,9,0,0,0,0,3.0,0.0,2013-09-09
0688-XNJRO,760825845,2013-08-10,2013-09-09,897,40.58,0,2013-09-18,1,39,9,412,25,576,24,15.97920442189199,4.0,1,0.9583333,25.79,9,0,0,1,1,7.0,7.0,2013-09-16
9212-BTDMX,2158841878,2013-08-10,2013-09-09,391,64.35,0,2013-08-20,1,10,0,475,24,572,24,0.0,0.0,0,0.0,0.0,9,0,0,0,0,5.0,0.0,2013-09-09
8942-ERSWK,9314800674,2013-08-11,2013-09-10,897,37.13,1,2013-09-11,1,31,1,212,22,564,22,0.0,3.0,0,0.0,0.0,9,0,0,1,0,6.0,0.0,2013-09-10
7209-MDWKR,8284200295,2013-08-11,2013-09-10,391,90.42,0,2013-09-12,0,32,2,0,20,568,18,4.325823331349225,0.0,1,0.6111111,118.35,9,0,0,1,1,5.0,5.0,2013-09-15
8690-EEBEO,5419865968,2013-08-11,2013-09-10,897,62.83,0,2013-09-07,1,27,0,249,22,560,21,9.535128319240469,1.0,1,0.95238096,64.18,9,0,0,0,1,7.0,7.0,2013-09-17
0379-NEVHP,3056950219,2013-08-11,2013-09-10,391,47.08,0,2013-08-21,1,10,0,127,22,546,21,0.6694592844422859,2.0,1,0.04761905,43.64,9,0,0,0,0,3.0,0.0,2013-09-10
7946-HJDUR,2125307184,2013-08-11,2013-09-10,818,67.34,0,2013-09-14,1,34,4,537,24,500,24,1.7518542510121458,1.0,1,0.16666667,0.0,9,0,0,1,0,6.0,0.0,2013-09-10
6833-ETVHD,5390563017,2013-08-12,2013-09-11,406,62.4,0,2013-09-06,1,25,0,469,28,580,27,0.20280678094676177,0.0,1,0.074074075,87.68,9,0,0,0,0,5.0,0.0,2013-09-11
8102-ABPKQ,3374535086,2013-08-12,2013-09-11,818,49.31,1,2013-09-30,0,49,19,0,25,565,23,14.363071182193085,19.0,1,0.95652175,133.75,9,0,0,1,1,18.0,18.0,2013-09-29
6833-ETVHD,8292540307,2013-08-12,2013-09-11,406,75.88,0,2013-09-02,1,21,0,469,29,580,27,0.20280678094676177,0.0,1,0.074074075,87.68,9,0,0,0,0,5.0,0.0,2013-09-11
2423-QOKIO,8864060748,2013-08-13,2013-09-12,391,61.06,0,2013-08-30,1,17,0,94,19,564,19,1.5666625668778054,1.0,1,0.2631579,0.0,9,0,0,0,0,3.0,0.0,2013-09-12
7938-EVASK,7085238926,2013-08-13,2013-09-12,406,63.32,0,2013-09-11,1,29,0,241,19,575,17,8.319007401544303,2.0,1,0.88235295,150.78,9,0,0,0,1,7.0,7.0,2013-09-19
8690-EEBEO,23864272,2013-08-13,2013-09-12,897,74.69,0,2013-09-09,1,27,0,251,23,562,21,9.535128319240469,1.0,1,0.95238096,127.01,9,0,0,0,1,7.0,7.0,2013-09-19
6831-FIODB,2970425808,2013-08-13,2013-09-12,770,35.74,0,2013-09-01,1,19,0,97,24,576,22,6.0554544278992966,5.0,1,0.59090906,83.38,9,0,0,0,0,3.0,0.0,2013-09-12
0688-XNJRO,206372278,2013-08-14,2013-09-13,897,49.04,0,2013-09-21,1,38,8,416,26,580,24,15.97920442189199,4.0,1,0.9583333,66.37,9,0,0,1,1,8.0,8.0,2013-09-21
7946-HJDUR,2515817366,2013-08-14,2013-09-13,818,59.53,0,2013-09-05,1,22,0,540,25,503,24,1.7518542510121458,1.0,1,0.16666667,67.34,9,0,0,0,0,6.0,0.0,2013-09-13
3993-QUNVJ,5153888748,2013-08-14,2013-09-13,770,54.2,0,2013-08-26,1,12,0,226,20,589,20,0.0,2.0,0,0.0,0.0,9,0,0,0,0,4.0,0.0,2013-09-13
4092-ZAVRG,1801620782,2013-08-14,2013-09-13,406,78.44,0,2013-08-15,1,1,0,452,18,588,18,0.0,3.0,0,0.0,0.0,9,0,0,0,0,6.0,0.0,2013-09-13
8102-ABPKQ,9614769756,2013-08-14,2013-09-13,818,60.73,1,2013-09-20,0,37,7,0,26,567,23,14.363071182193085,19.0,1,0.95652175,183.06,9,0,0,1,1,18.0,18.0,2013-10-01
7938-EVASK,624274413,2013-08-14,2013-09-13,406,44.09,0,2013-09-24,1,41,11,242,20,576,17,8.319007401544303,2.0,1,0.88235295,214.1,9,0,0,1,1,6.0,6.0,2013-09-19
8389-TCXFQ,3675527586,2013-08-15,2013-09-14,406,74.05,0,2013-08-29,1,14,0,356,28,571,28,2.84582783575227,14.0,1,0.32142857,0.0,9,0,1,0,0,5.0,0.0,2013-09-14
6077-FDQRK,5734148846,2013-08-15,2013-09-14,770,58.36,0,2013-08-27,1,12,0,338,24,585,24,0.03432637058697535,1.0,1,0.041666668,0.0,9,0,1,0,0,3.0,0.0,2013-09-14
1168-BEASA,6375941605,2013-08-16,2013-09-15,897,52.41,0,2013-09-11,0,26,0,0,20,534,20,1.721883071143461,2.0,1,0.1,0.0,9,0,1,0,0,3.0,0.0,2013-09-15
0379-NEVHP,7285560671,2013-08-16,2013-09-15,391,70.9,0,2013-08-31,1,15,0,132,23,551,21,0.6694592844422859,2.0,1,0.04761905,90.72,9,0,1,0,0,3.0,0.0,2013-09-15
6160-HCSFI,8793921356,2013-08-17,2013-09-16,391,82.91,0,2013-08-28,1,11,0,219,24,582,24,0.08306477506510804,0.0,1,0.041666668,0.0,9,0,0,0,0,4.0,0.0,2013-09-16
9174-IYKOC,8273521159,2013-08-17,2013-09-16,391,57.6,0,2013-09-06,1,20,0,263,22,540,21,2.0565521967562628,2.0,1,0.33333334,66.82,9,0,0,0,0,3.0,0.0,2013-09-16
9883-SDWFS,3845592498,2013-08-17,2013-09-16,897,45.18,0,2013-09-20,1,34,4,40,25,588,22,8.491259214174612,10.0,1,0.77272725,166.78,9,0,0,1,1,3.0,3.0,2013-09-19
9771-QTLGZ,4318317513,2013-08-17,2013-09-16,406,64.64,1,2013-09-04,1,18,0,250,18,575,18,0.0,17.0,0,0.0,0.0,9,0,0,0,0,4.0,0.0,2013-09-16
7245-CKNCN,401983784,2013-08-17,2013-09-16,406,51.6,0,2013-09-04,1,18,0,439,15,591,15,0.0,0.0,0,0.0,0.0,9,0,0,0,0,6.0,0.0,2013-09-16
7329-TWKLF,1890815777,2013-08-18,2013-09-17,391,61.71,0,2013-09-19,0,32,2,0,17,587,17,0.09961893112532934,0.0,1,0.05882353,0.0,9,0,0,1,0,5.0,0.0,2013-09-17
1447-YZKCL,7218760518,2013-08-18,2013-09-17,406,62.93,1,2013-09-21,1,34,4,373,19,557,18,3.891850209246877,0.0,1,0.5555556,116.66,9,0,0,1,1,11.0,11.0,2013-09-28
1168-BEASA,5934744260,2013-08-18,2013-09-17,897,58.68,0,2013-09-12,0,25,0,0,21,536,20,1.721883071143461,2.0,1,0.1,52.41,9,0,0,0,0,3.0,0.0,2013-09-17
8976-AMJEO,7698255051,2013-08-18,2013-09-17,406,78.79,0,2013-09-09,1,22,0,533,24,581,24,1.7237099934683213,4.0,1,0.20833333,0.0,9,0,0,0,0,6.0,0.0,2013-09-17
8690-EEBEO,7838596678,2013-08-19,2013-09-18,897,36.26,0,2013-09-25,1,37,7,257,24,568,21,9.535128319240469,1.0,1,0.95238096,201.7,9,0,0,1,1,6.0,6.0,2013-09-24
7209-MDWKR,3557541459,2013-08-19,2013-09-18,391,51.86,0,2013-09-19,0,31,1,0,21,576,19,4.120705121695271,0.0,1,0.57894737,152.74,9,0,0,1,1,5.0,5.0,2013-09-23
5573-KSOIA,3285658330,2013-08-19,2013-09-18,406,47.54,0,2013-09-26,0,38,8,0,18,577,17,10.83544033179881,6.0,1,1.0,70.77,9,0,0,1,1,7.0,7.0,2013-09-25
7946-HJDUR,5713630505,2013-08-19,2013-09-18,818,51.94,0,2013-09-20,1,32,2,545,26,508,24,1.7518542510121458,1.0,1,0.16666667,126.87,9,0,0,1,0,6.0,0.0,2013-09-18
2676-DZINU,145315244,2013-08-19,2013-09-18,391,83.05,0,2013-09-06,1,18,0,304,21,577,21,0.0,1.0,0,0.0,0.0,9,0,0,0,0,3.0,0.0,2013-09-18
3271-HYHDN,4783562096,2013-08-20,2013-09-19,818,32.87,0,2013-08-22,1,2,0,114,16,560,16,0.0,0.0,0,0.0,0.0,9,0,0,0,0,3.0,0.0,2013-09-19
6627-ELFBK,5554804891,2013-08-21,2013-09-20,818,77.24,0,2013-09-09,1,19,0,268,25,593,24,2.302191032643211,9.0,1,0.33333334,86.83,9,0,0,0,0,4.0,0.0,2013-09-20
7260-ZHAKS,7050267416,2013-08-21,2013-09-20,770,68.16,0,2013-09-11,1,21,0,430,20,532,20,0.6918584185231217,0.0,1,0.1,0.0,9,0,0,0,0,3.0,0.0,2013-09-20
5284-DJOZO,2338417971,2013-08-21,2013-09-20,406,65.57,0,2013-08-26,1,5,0,344,27,586,26,0.27212273329761133,7.0,1,0.07692308,0.0,9,0,0,0,0,3.0,0.0,2013-09-20
5284-DJOZO,2161519126,2013-08-21,2013-09-20,406,98.88,0,2013-08-24,1,3,0,344,26,586,26,0.27212273329761133,7.0,1,0.07692308,0.0,9,0,0,0,0,3.0,0.0,2013-09-20
5164-VMYWJ,2953405140,2013-08-21,2013-09-20,406,61.41,0,2013-09-12,0,22,0,0,28,596,26,3.2307721209844074,7.0,1,0.30769232,120.86000000000001,9,0,0,0,0,3.0,0.0,2013-09-20
9181-HEKGV,910856055,2013-08-21,2013-09-20,818,72.55,1,2013-10-09,0,49,19,0,20,572,18,12.876252171395484,9.0,1,0.7777778,140.55,9,0,0,1,1,17.0,17.0,2013-10-07
9149-MATVB,7152768721,2013-08-21,2013-09-20,770,81.85,0,2013-09-08,1,18,0,113,25,507,25,0.8256765693574845,0.0,1,0.2,0.0,9,0,0,0,0,3.0,0.0,2013-09-20
6160-HCSFI,1774766742,2013-08-22,2013-09-21,391,76.85,0,2013-09-04,1,13,0,224,25,587,24,0.08306477506510804,0.0,1,0.041666668,82.91,9,0,1,0,0,4.0,0.0,2013-09-21
0783-PEPYR,5564408624,2013-08-22,2013-09-21,406,50.69,1,2013-10-05,0,44,14,0,16,592,16,9.701247620680013,3.0,1,1.0,0.0,9,0,1,1,1,14.0,14.0,2013-10-05
5284-DJOZO,4094908034,2013-08-22,2013-09-21,406,70.84,0,2013-08-26,1,4,0,345,28,587,26,0.27212273329761133,7.0,1,0.07692308,164.45,9,0,1,0,0,3.0,0.0,2013-09-21
1447-YZKCL,8137093063,2013-08-22,2013-09-21,406,78.69,0,2013-09-26,1,35,5,377,20,561,18,3.891850209246877,0.0,1,0.5555556,179.59,9,0,1,1,1,5.0,5.0,2013-09-26
2820-XGXSB,8282397668,2013-08-22,2013-09-21,391,102.67,0,2013-08-29,1,7,0,574,21,566,21,0.0,0.0,0,0.0,0.0,9,0,1,0,0,6.0,0.0,2013-09-21
2447-JCFGW,5112375133,2013-08-22,2013-09-21,770,37.25,0,2013-09-17,1,26,0,387,19,519,19,0.38486610653532555,0.0,1,0.10526316,0.0,9,0,1,0,0,3.0,0.0,2013-09-21
0688-XNJRO,2960848343,2013-08-22,2013-09-21,897,36.6,0,2013-09-26,1,35,5,424,27,588,24,15.97920442189199,4.0,1,0.9583333,115.41,9,0,1,1,1,7.0,7.0,2013-09-28
8156-PCYBM,4739557586,2013-08-22,2013-09-21,391,52.87,0,2013-09-18,1,27,0,537,28,583,28,2.4764408036894894,0.0,1,0.39285713,0.0,9,0,1,0,0,5.0,0.0,2013-09-21
8820-BLYDZ,3732687518,2013-08-22,2013-09-21,391,70.91,0,2013-08-28,1,6,0,156,19,594,19,0.0,0.0,0,0.0,0.0,9,0,1,0,0,4.0,0.0,2013-09-21
7946-HJDUR,9193816294,2013-08-22,2013-09-21,818,58.85,0,2013-09-19,1,28,0,548,27,511,24,1.7518542510121458,1.0,1,0.16666667,178.81,9,0,1,0,0,6.0,0.0,2013-09-21
4092-ZAVRG,368163381,2013-08-23,2013-09-22,406,62.68,1,2013-09-11,1,19,0,461,19,597,19,0.0,3.0,0,0.0,0.0,9,0,1,0,0,10.0,0.0,2013-09-22
2447-JCFGW,6571920928,2013-08-23,2013-09-22,770,47.63,0,2013-09-17,1,25,0,388,20,520,19,0.38486610653532555,0.0,1,0.10526316,37.25,9,0,1,0,0,3.0,0.0,2013-09-22
7856-ODQFO,2440506703,2013-08-24,2013-09-23,770,82.42,1,2013-09-29,1,36,6,384,24,558,24,1.7169774452880748,9.0,1,0.20833333,0.0,9,0,0,1,0,9.0,0.0,2013-09-23
9928-IJYBQ,7642713224,2013-08-24,2013-09-23,770,53.29,0,2013-09-18,1,25,0,524,19,595,19,5.169635991365334,2.0,1,0.84210527,0.0,9,0,0,0,1,7.0,7.0,2013-09-30
0625-TNJFG,3559978043,2013-08-25,2013-09-24,770,50.17,0,2013-09-11,1,17,0,10,22,548,22,0.4487899811087226,0.0,1,0.18181819,0.0,9,0,0,0,0,3.0,0.0,2013-09-24
7600-OISKG,5352209758,2013-08-25,2013-09-24,406,60.57,1,2013-09-14,1,20,0,37,20,561,19,3.2967061117905656,18.0,1,0.47368422,90.54,9,0,0,0,1,5.0,5.0,2013-09-29
2026-XLBER,6961910816,2013-08-26,2013-09-25,770,59.78,1,2013-09-21,1,26,0,287,14,595,14,0.17214969761286777,3.0,1,0.071428575,0.0,9,0,0,0,0,7.0,0.0,2013-09-25
9883-SDWFS,3271911081,2013-08-26,2013-09-25,897,49.68,1,2013-10-15,1,50,20,49,26,597,23,8.528804747811654,11.0,1,0.7826087,164.83,9,0,0,1,1,11.0,11.0,2013-10-06
0709-LZRJV,3355481569,2013-08-27,2013-09-26,391,62.73,0,2013-09-19,1,23,0,68,21,555,19,3.6495928957835235,6.0,1,0.47368422,148.32,9,0,0,0,0,4.0,0.0,2013-09-26
9181-HEKGV,2666514859,2013-08-27,2013-09-26,818,99.82,1,2013-10-06,0,40,10,0,21,578,19,13.023647949683454,10.0,1,0.7894737,144.68,9,0,0,1,1,21.0,21.0,2013-10-17
0706-NRGUP,3542268547,2013-08-27,2013-09-26,770,57.2,0,2013-10-01,1,35,5,140,12,532,12,5.873335121122731,0.0,1,0.75,0.0,9,0,0,1,1,5.0,5.0,2013-10-01
7329-TWKLF,6970184838,2013-08-28,2013-09-27,391,81.28,0,2013-09-22,0,25,0,0,18,597,17,0.09961893112532934,0.0,1,0.05882353,61.71,9,0,0,0,0,5.0,0.0,2013-09-27
8820-BLYDZ,5464873037,2013-08-28,2013-09-27,391,98.83,0,2013-08-31,1,3,0,162,20,600,19,0.0,0.0,0,0.0,70.91,9,0,0,0,0,5.0,0.0,2013-09-27
9149-MATVB,3491048160,2013-08-28,2013-09-27,770,63.02,0,2013-09-17,1,20,0,120,26,514,25,0.8256765693574845,0.0,1,0.2,81.85,9,0,0,0,0,3.0,0.0,2013-09-27
5924-UOPGH,6685760751,2013-08-28,2013-09-27,818,71.19,1,2013-09-25,1,28,0,83,25,576,25,2.661377386697704,7.0,1,0.24,0.0,9,0,0,0,1,6.0,6.0,2013-10-03
5592-UQXSS,3932416127,2013-08-28,2013-09-27,770,52.94,1,2013-10-12,1,45,15,240,16,573,16,4.067938458070334,4.0,1,0.5,0.0,9,0,0,1,1,8.0,8.0,2013-10-05
5573-KSOIA,5984065624,2013-08-29,2013-09-28,406,87.37,0,2013-09-30,0,32,2,0,19,587,18,10.651296106592131,6.0,1,1.0,47.54,9,1,1,1,1,7.0,7.0,2013-10-05
6160-HCSFI,4026967253,2013-08-30,2013-09-29,391,69.48,0,2013-09-17,1,18,0,232,26,595,25,0.0791622514492302,0.0,1,0.04,76.85,9,1,1,0,0,4.0,0.0,2013-09-29
1080-NDGAE,3289097967,2013-08-30,2013-09-29,391,82.6,1,2013-10-03,1,34,4,336,25,603,24,3.876000395706584,18.0,1,0.5416667,92.16,9,1,1,1,1,6.0,6.0,2013-10-05
3569-VJWXS,6140117683,2013-08-31,2013-09-30,391,60.26,0,2013-09-17,1,17,0,144,22,582,22,1.2187369804185495,5.0,1,0.22727273,0.0,9,1,0,0,0,4.0,0.0,2013-09-30
3598-DNURW,3438246206,2013-08-31,2013-09-30,391,66.01,0,2013-09-12,1,12,0,367,17,583,17,0.0,0.0,0,0.0,0.0,9,1,0,0,0,4.0,0.0,2013-09-30
7695-NKUXM,6463057288,2013-08-31,2013-09-30,818,70.76,1,2013-09-20,1,20,0,283,16,564,16,0.0,7.0,0,0.0,0.0,9,1,0,0,0,7.0,0.0,2013-09-30
6632-CGYHU,5135727501,2013-09-01,2013-10-01,391,68.88,0,2013-09-07,1,6,0,236,15,581,15,0.0,0.0,0,0.0,0.0,10,0,0,0,0,4.0,0.0,2013-10-01
4460-ZXNDN,557941160,2013-09-01,2013-10-01,770,73.77,1,2013-10-16,1,45,15,66,25,525,25,13.61919625215484,13.0,1,0.96,0.0,10,0,0,1,1,16.0,16.0,2013-10-17
2026-XLBER,3398429374,2013-09-01,2013-10-01,770,68.98,0,2013-09-12,1,11,0,293,15,601,14,0.17214969761286777,3.0,1,0.071428575,59.78,10,0,0,0,0,4.0,0.0,2013-10-01
0688-XNJRO,7497563219,2013-09-01,2013-10-01,897,33.99,1,2013-10-21,1,50,20,434,28,598,25,15.752737517470589,4.0,1,0.96,126.22,10,0,0,1,1,17.0,17.0,2013-10-18
5164-VMYWJ,775479959,2013-09-01,2013-10-01,406,65.9,0,2013-10-03,0,32,2,0,29,607,27,3.1051526500964703,7.0,1,0.2962963,106.9,10,0,0,1,0,3.0,0.0,2013-10-01
4640-FGEJI,5666197272,2013-09-01,2013-10-01,406,42.37,0,2013-09-24,1,23,0,150,29,599,29,4.572077955041557,9.0,1,0.44827586,0.0,10,0,0,0,0,4.0,0.0,2013-10-01
4632-QZOKX,8455537995,2013-09-02,2013-10-02,406,47.24,1,2013-09-28,1,26,0,167,14,566,14,8.91314256479425,14.0,1,0.9285714,0.0,10,0,0,0,1,6.0,6.0,2013-10-08
9323-NDIOV,3341311423,2013-09-02,2013-10-02,770,68.97,0,2013-09-28,1,26,0,420,18,598,17,6.962991841912322,3.0,1,0.47058824,61.06,10,0,0,0,1,4.0,4.0,2013-10-06
2824-HJQPP,7096221227,2013-09-02,2013-10-02,818,66.59,0,2013-10-03,0,31,1,0,26,578,26,0.33323990856829666,2.0,1,0.03846154,0.0,10,0,0,1,0,3.0,0.0,2013-10-02
3831-FXWYK,5854224600,2013-09-02,2013-10-02,770,56.31,0,2013-09-27,1,25,0,178,21,570,21,7.65227314161473,2.0,1,0.8095238,0.0,10,0,0,0,1,4.0,4.0,2013-10-06
4651-PMEXQ,6191014036,2013-09-02,2013-10-02,406,69.87,0,2013-10-01,1,29,0,425,18,602,18,1.0579010011902261,1.0,1,0.16666667,0.0,10,0,0,0,0,3.0,0.0,2013-10-02
6048-QPZCF,6109735891,2013-09-03,2013-10-03,406,90.27,1,2013-09-21,1,18,0,417,24,591,24,0.07864475204861239,14.0,1,0.083333336,0.0,10,0,0,0,0,7.0,0.0,2013-10-03
9928-IJYBQ,7074243715,2013-09-03,2013-10-03,770,69.29,0,2013-10-04,1,31,1,534,20,605,19,5.169635991365334,2.0,1,0.84210527,53.29,10,0,0,1,1,7.0,7.0,2013-10-10
3993-QUNVJ,8788830849,2013-09-03,2013-10-03,770,84.91,0,2013-09-19,1,16,0,246,21,609,21,0.0,2.0,0,0.0,0.0,10,0,0,0,0,3.0,0.0,2013-10-03
0706-NRGUP,9546060439,2013-09-04,2013-10-04,770,10.03,0,2013-10-04,1,30,0,148,13,540,12,5.873335121122731,0.0,1,0.75,57.2,10,0,0,0,1,7.0,7.0,2013-10-11
7758-WKLVM,4902256475,2013-09-04,2013-10-04,770,72.09,0,2013-10-18,1,44,14,576,21,567,20,12.273046778318625,6.0,1,0.85,65.59,10,0,0,1,1,9.0,9.0,2013-10-13
4651-PMEXQ,5473678800,2013-09-05,2013-10-05,406,70.29,0,2013-09-28,1,23,0,428,19,605,18,1.0579010011902261,1.0,1,0.16666667,69.87,10,0,1,0,0,4.0,0.0,2013-10-05
3568-JJMFW,2017481337,2013-09-05,2013-10-05,818,67.5,1,2013-09-26,1,21,0,605,22,562,22,0.32928801061975843,21.0,1,0.09090909,0.0,10,0,1,0,0,8.0,0.0,2013-10-05
9322-YCTQO,2118879684,2013-09-06,2013-10-06,406,114.54,0,2013-10-11,1,35,5,518,15,586,15,7.076627941705787,0.0,1,0.93333334,0.0,10,0,1,1,1,9.0,9.0,2013-10-15
3568-JJMFW,5157346968,2013-09-06,2013-10-06,818,45.02,0,2013-09-12,1,6,0,606,23,563,22,0.32928801061975843,21.0,1,0.09090909,67.5,10,0,1,0,0,6.0,0.0,2013-10-06
0688-XNJRO,9359250752,2013-09-06,2013-10-06,897,25.07,0,2013-10-04,1,28,0,439,29,603,25,15.752737517470589,4.0,1,0.96,160.21,10,0,1,0,1,8.0,8.0,2013-10-14
6632-CGYHU,2962262974,2013-09-06,2013-10-06,391,56.5,0,2013-09-13,1,7,0,241,16,586,15,0.0,0.0,0,0.0,68.88,10,0,1,0,0,4.0,0.0,2013-10-06
0379-NEVHP,3699989123,2013-09-07,2013-10-07,391,62.88,0,2013-09-13,1,6,0,154,24,573,24,0.5920101358606175,2.0,1,0.041666668,0.0,10,0,0,0,0,3.0,0.0,2013-10-07
0625-TNJFG,761602627,2013-09-07,2013-10-07,770,64.16,1,2013-10-18,1,41,11,23,23,561,22,0.4487899811087226,0.0,1,0.18181819,50.17,10,0,0,1,1,10.0,10.0,2013-10-17
6296-UKEUZ,5225282488,2013-09-07,2013-10-07,897,61.24,0,2013-09-08,1,1,0,285,17,540,17,0.0,2.0,0,0.0,0.0,10,0,0,0,0,4.0,0.0,2013-10-07
5592-UQXSS,2669865910,2013-09-07,2013-10-07,770,14.53,0,2013-10-03,1,26,0,250,17,583,16,4.067938458070334,4.0,1,0.5,52.94,10,0,0,0,0,4.0,0.0,2013-10-07
6708-DPYTF,7662777416,2013-09-08,2013-10-08,391,64.19,0,2013-10-10,1,32,2,402,22,614,22,8.223270891126143,0.0,1,0.8181818,0.0,10,0,0,1,1,5.0,5.0,2013-10-13
7856-ODQFO,7059816083,2013-09-08,2013-10-08,770,38.0,1,2013-10-02,1,24,0,399,25,573,24,1.7169774452880748,9.0,1,0.20833333,82.42,10,0,0,0,0,9.0,0.0,2013-10-08
0688-XNJRO,3876210500,2013-09-08,2013-10-08,897,22.9,0,2013-10-26,1,48,18,441,30,605,25,15.752737517470589,4.0,1,0.96,185.28,10,0,0,1,1,8.0,8.0,2013-10-16
7329-TWKLF,8680785503,2013-09-08,2013-10-08,391,84.5,0,2013-09-23,0,15,0,0,19,608,17,0.09961893112532934,0.0,1,0.05882353,142.99,10,0,0,0,0,5.0,0.0,2013-10-08
0625-TNJFG,4084102990,2013-09-08,2013-10-08,770,64.29,0,2013-09-22,1,14,0,24,24,562,22,0.4487899811087226,0.0,1,0.18181819,114.33,10,0,0,0,0,4.0,0.0,2013-10-08
6004-KITZM,9588957496,2013-09-08,2013-10-08,818,69.86,0,2013-09-12,1,4,0,7,16,547,16,0.0,0.0,0,0.0,0.0,10,0,0,0,0,4.0,0.0,2013-10-08
2026-XLBER,5796159925,2013-09-08,2013-10-08,770,55.16,0,2013-09-17,1,9,0,300,16,608,14,0.17214969761286777,3.0,1,0.071428575,128.76,10,0,0,0,0,4.0,0.0,2013-10-08
6391-GBFQJ,7170674351,2013-09-09,2013-10-09,897,7.96,0,2013-09-22,0,13,0,0,11,578,11,0.0,2.0,0,0.0,0.0,10,0,0,0,0,7.0,0.0,2013-10-09
2676-DZINU,7133128659,2013-09-09,2013-10-09,391,48.52,0,2013-09-19,1,10,0,325,22,598,22,0.0,1.0,0,0.0,0.0,10,0,0,0,0,3.0,0.0,2013-10-09
9323-NDIOV,176953642,2013-09-10,2013-10-10,770,65.0,0,2013-10-17,1,37,7,428,19,606,18,6.501026805602339,3.0,1,0.44444445,68.97,10,0,0,1,1,4.0,4.0,2013-10-14
9883-SDWFS,1120525583,2013-09-10,2013-10-10,897,46.73,0,2013-10-10,1,30,0,64,27,612,24,8.403772879552545,12.0,1,0.7916667,157.63,10,0,0,0,1,5.0,5.0,2013-10-15
3568-JJMFW,9493022226,2013-09-10,2013-10-10,818,83.68,1,2013-10-04,1,24,0,610,24,567,22,0.32928801061975843,21.0,1,0.09090909,112.52000000000001,10,0,0,0,0,9.0,0.0,2013-10-10
9174-IYKOC,1592682714,2013-09-10,2013-10-10,391,63.58,0,2013-09-29,1,19,0,287,23,564,23,1.8785785827560308,2.0,1,0.3043478,0.0,10,0,0,0,0,3.0,0.0,2013-10-10
7695-NKUXM,3686599515,2013-09-10,2013-10-10,818,55.6,1,2013-10-03,1,23,0,293,17,574,16,0.0,7.0,0,0.0,70.76,10,0,0,0,0,6.0,0.0,2013-10-10
2423-QOKIO,6309336631,2013-09-10,2013-10-10,391,76.53,0,2013-09-25,1,15,0,122,20,592,20,1.4964242183943488,1.0,1,0.25,0.0,10,0,0,0,0,3.0,0.0,2013-10-10
6708-DPYTF,1754538629,2013-09-11,2013-10-11,391,79.52,0,2013-10-10,1,29,0,405,23,617,22,8.223270891126143,0.0,1,0.8181818,64.19,10,0,0,0,1,5.0,5.0,2013-10-16
4640-FGEJI,806089606,2013-09-12,2013-10-12,406,76.18,1,2013-10-05,1,23,0,161,30,610,29,4.572077955041557,9.0,1,0.44827586,42.37,10,0,1,0,1,6.0,6.0,2013-10-18
1080-NDGAE,641300165,2013-09-12,2013-10-12,391,94.57,1,2013-10-14,1,32,2,349,26,616,25,3.8814065264492443,19.0,1,0.56,82.6,10,0,1,1,1,10.0,10.0,2013-10-22
7260-ZHAKS,8820244619,2013-09-12,2013-10-12,770,19.7,0,2013-10-06,1,24,0,452,21,554,21,0.6595623737287265,0.0,1,0.0952381,0.0,10,0,1,0,0,5.0,0.0,2013-10-12
9149-MATVB,3693108174,2013-09-13,2013-10-13,770,37.88,0,2013-09-25,1,12,0,136,27,530,26,0.771445537562792,0.0,1,0.1923077,63.02,10,0,1,0,0,4.0,0.0,2013-10-13
5875-VZQCZ,1308410672,2013-09-13,2013-10-13,818,76.03,0,2013-09-25,1,12,0,60,18,609,18,4.6105532168418755,7.0,1,0.3888889,0.0,10,0,1,0,0,3.0,0.0,2013-10-13
2026-XLBER,3315197094,2013-09-13,2013-10-13,770,61.79,1,2013-10-03,1,20,0,305,17,613,15,0.15819713543808528,3.0,1,0.06666667,114.94,10,0,1,0,1,6.0,6.0,2013-10-19
7050-KQLDO,6640953472,2013-09-14,2013-10-14,770,55.88,0,2013-10-01,1,17,0,350,17,595,17,0.46396357864522436,1.0,1,0.23529412,0.0,10,0,0,0,0,4.0,0.0,2013-10-14
8976-AMJEO,4153488634,2013-09-14,2013-10-14,406,69.29,0,2013-10-08,1,24,0,560,25,608,25,1.6459961775712697,4.0,1,0.2,0.0,10,0,0,0,0,5.0,0.0,2013-10-14
9758-AIEIK,8062397322,2013-09-14,2013-10-14,406,69.65,0,2013-10-01,1,17,0,509,18,592,18,1.6778541367002289,4.0,1,0.22222222,0.0,10,0,0,0,0,5.0,0.0,2013-10-14
7245-CKNCN,883694015,2013-09-14,2013-10-14,406,92.77,0,2013-09-26,1,12,0,467,16,619,16,0.0,0.0,0,0.0,0.0,10,0,0,0,0,6.0,0.0,2013-10-14
8976-AMJEO,6559779926,2013-09-14,2013-10-14,406,66.75,0,2013-10-05,1,21,0,560,26,608,25,1.6459961775712697,4.0,1,0.2,0.0,10,0,0,0,0,5.0,0.0,2013-10-14
3448-OWJOT,2739453651,2013-09-14,2013-10-14,406,60.14,1,2013-10-16,1,32,2,364,24,608,24,7.461854755213726,23.0,1,0.8333333,0.0,10,0,0,1,1,10.0,10.0,2013-10-24
8364-UWVLM,773493683,2013-09-15,2013-10-15,818,65.36,1,2013-10-21,1,36,6,309,19,618,19,2.2086317493927887,6.0,1,0.2631579,0.0,10,0,0,1,1,6.0,6.0,2013-10-21
0688-XNJRO,3671610537,2013-09-15,2013-10-15,897,33.37,0,2013-10-28,1,43,13,448,31,612,25,15.752737517470589,4.0,1,0.96,208.18,10,0,0,1,1,9.0,9.0,2013-10-24
0706-NRGUP,4649451107,2013-09-15,2013-10-15,770,23.81,0,2013-10-06,1,21,0,159,14,551,12,5.873335121122731,0.0,1,0.75,67.23,10,0,0,0,1,5.0,5.0,2013-10-20
8690-EEBEO,1730560128,2013-09-16,2013-10-16,897,36.97,0,2013-10-08,1,22,0,285,25,596,24,8.335660365184852,1.0,1,0.875,36.26,10,0,0,0,1,7.0,7.0,2013-10-23
5196-TWQXF,1027852268,2013-09-16,2013-10-16,391,37.22,0,2013-10-06,1,20,0,453,22,569,22,1.085622972331125,0.0,1,0.22727273,0.0,10,0,0,0,0,5.0,0.0,2013-10-16
6632-CGYHU,5284159199,2013-09-16,2013-10-16,391,68.47,0,2013-09-28,1,12,0,251,17,596,17,0.0,0.0,0,0.0,0.0,10,0,0,0,0,4.0,0.0,2013-10-16
3993-QUNVJ,6332637140,2013-09-17,2013-10-17,770,58.09,0,2013-09-24,1,7,0,260,22,623,21,0.0,2.0,0,0.0,84.91,10,0,0,0,0,4.0,0.0,2013-10-17
0783-PEPYR,3922850581,2013-09-17,2013-10-17,406,72.87,1,2013-11-13,0,57,27,0,17,618,16,9.701247620680013,3.0,1,1.0,50.69,10,0,0,1,1,14.0,14.0,2013-10-31
8942-ERSWK,839049806,2013-09-18,2013-10-18,897,19.82,0,2013-09-22,1,4,0,250,23,602,23,0.06560302484186721,4.0,1,0.04347826,0.0,10,0,0,0,0,4.0,0.0,2013-10-18
3831-FXWYK,7295000938,2013-09-18,2013-10-18,770,58.65,0,2013-10-29,1,41,11,194,22,586,21,7.65227314161473,2.0,1,0.8095238,56.31,10,0,0,1,1,4.0,4.0,2013-10-22
2687-XWAMA,9727346662,2013-09-18,2013-10-18,770,60.96,0,2013-09-23,1,5,0,168,24,606,24,0.3350528164816037,1.0,1,0.041666668,0.0,10,0,0,0,0,4.0,0.0,2013-10-18
5875-VZQCZ,872319562,2013-09-18,2013-10-18,818,46.17,0,2013-10-02,1,14,0,65,19,614,18,4.6105532168418755,7.0,1,0.3888889,76.03,10,0,0,0,0,3.0,0.0,2013-10-18
9883-SDWFS,1761962468,2013-09-18,2013-10-18,897,75.39,1,2013-10-30,1,42,12,72,28,620,25,8.53591116503574,13.0,1,0.8,141.59,10,0,0,1,1,10.0,10.0,2013-10-28
0783-PEPYR,5378812305,2013-09-18,2013-10-18,406,58.58,0,2013-10-19,0,31,1,0,18,619,16,9.701247620680013,3.0,1,1.0,123.56,10,0,0,1,1,8.0,8.0,2013-10-26
7654-DOLHO,6726677387,2013-09-19,2013-10-19,897,50.16,0,2013-10-24,1,35,5,533,23,596,22,0.7991236297555542,0.0,1,0.18181819,0.0,10,0,1,1,0,6.0,0.0,2013-10-19
7654-DOLHO,631345640,2013-09-19,2013-10-19,897,23.62,0,2013-10-13,1,24,0,533,22,596,22,0.7991236297555542,0.0,1,0.18181819,0.0,10,0,1,0,0,6.0,0.0,2013-10-19
4632-QZOKX,9540987941,2013-09-19,2013-10-19,406,33.9,1,2013-11-08,1,50,20,184,15,583,14,8.91314256479425,14.0,1,0.9285714,47.24,10,0,1,1,1,6.0,6.0,2013-10-25
4640-FGEJI,1759240329,2013-09-19,2013-10-19,406,72.09,0,2013-10-07,1,18,0,168,31,617,29,4.572077955041557,9.0,1,0.44827586,118.55000000000001,10,0,1,0,0,3.0,0.0,2013-10-19
9841-XLGBV,2624507671,2013-09-19,2013-10-19,391,68.58,0,2013-10-09,1,20,0,259,18,619,18,0.8210494065617882,0.0,1,0.11111111,0.0,10,0,1,0,0,4.0,0.0,2013-10-19
8887-NCUZC,5128563640,2013-09-19,2013-10-19,818,16.58,0,2013-10-12,1,23,0,240,29,625,29,6.3782224701832675,11.0,1,0.62068963,0.0,10,0,1,0,0,4.0,0.0,2013-10-19
5529-TBPGK,7524155753,2013-09-20,2013-10-20,391,91.03,0,2013-10-24,1,34,4,42,21,552,21,4.1303205465055175,2.0,1,0.6666667,0.0,10,0,1,1,0,3.0,0.0,2013-10-20
5592-UQXSS,9893070847,2013-09-20,2013-10-20,770,49.54,0,2013-10-06,1,16,0,263,18,596,16,4.067938458070334,4.0,1,0.5,67.47,10,0,1,0,0,4.0,0.0,2013-10-20
7050-KQLDO,1752423656,2013-09-20,2013-10-20,770,88.99,1,2013-10-24,1,34,4,356,18,601,17,0.46396357864522436,1.0,1,0.23529412,55.88,10,0,1,1,1,10.0,10.0,2013-10-30
8820-BLYDZ,9590153054,2013-09-21,2013-10-21,391,78.8,0,2013-09-26,1,5,0,186,22,624,21,0.0,0.0,0,0.0,0.0,10,0,0,0,0,4.0,0.0,2013-10-21
9323-NDIOV,6662053878,2013-09-21,2013-10-21,770,61.47,0,2013-10-21,1,30,0,439,20,617,18,6.501026805602339,3.0,1,0.44444445,133.97,10,0,0,0,0,7.0,0.0,2013-10-21
8690-EEBEO,5106033344,2013-09-21,2013-10-21,897,40.94,0,2013-10-18,1,27,0,290,26,601,24,8.335660365184852,1.0,1,0.875,73.22999999999999,10,0,0,0,1,7.0,7.0,2013-10-28
9149-MATVB,7830094350,2013-09-21,2013-10-21,770,42.17,0,2013-10-14,1,23,0,144,28,538,27,0.734311029636419,0.0,1,0.18518518,37.88,10,0,0,0,0,4.0,0.0,2013-10-21
8820-BLYDZ,6520680737,2013-09-21,2013-10-21,391,89.37,0,2013-09-28,1,7,0,186,21,624,21,0.0,0.0,0,0.0,0.0,10,0,0,0,0,4.0,0.0,2013-10-21
2676-DZINU,9393038918,2013-09-21,2013-10-21,391,73.86,0,2013-10-08,1,17,0,337,23,610,23,0.0,1.0,0,0.0,0.0,10,0,0,0,0,3.0,0.0,2013-10-21
9460-VAZGD,1951887650,2013-09-21,2013-10-21,897,8.63,0,2013-10-10,1,19,0,42,18,625,18,0.0,0.0,0,0.0,0.0,10,0,0,0,0,7.0,0.0,2013-10-21
6296-UKEUZ,106486147,2013-09-21,2013-10-21,897,46.55,0,2013-09-25,1,4,0,299,18,554,18,0.0,2.0,0,0.0,0.0,10,0,0,0,0,4.0,0.0,2013-10-21
2125-HJDLA,8165388862,2013-09-22,2013-10-22,391,42.46,0,2013-11-01,1,40,10,488,18,589,18,6.585860802476265,1.0,1,0.7222222,0.0,10,0,0,1,1,6.0,6.0,2013-10-28
3448-OWJOT,9544630517,2013-09-22,2013-10-22,406,86.38,1,2013-11-11,1,50,20,372,25,616,24,7.461854755213726,23.0,1,0.8333333,60.14,10,0,0,1,1,12.0,12.0,2013-11-03
9174-IYKOC,217272343,2013-09-22,2013-10-22,391,49.88,1,2013-10-23,1,31,1,299,24,576,23,1.8785785827560308,2.0,1,0.3043478,63.58,10,0,0,1,1,6.0,6.0,2013-10-28
8389-TCXFQ,1907393570,2013-09-22,2013-10-22,406,67.76,1,2013-10-22,1,30,0,394,29,609,29,2.7303460067294316,14.0,1,0.31034482,0.0,10,0,0,0,1,8.0,8.0,2013-10-30
7695-NKUXM,5115237233,2013-09-22,2013-10-22,818,57.04,0,2013-09-24,1,2,0,305,18,586,17,0.0,8.0,0,0.0,55.6,10,0,0,0,0,4.0,0.0,2013-10-22
9771-QTLGZ,2163218884,2013-09-23,2013-10-23,406,56.54,1,2013-10-11,1,18,0,287,19,612,19,0.0,18.0,0,0.0,0.0,10,0,0,0,0,3.0,0.0,2013-10-23
1408-OQZUE,5129304908,2013-09-23,2013-10-23,897,40.66,0,2013-11-05,1,43,13,374,20,588,20,8.301500741173543,6.0,1,0.7,0.0,10,0,0,1,1,5.0,5.0,2013-10-28
6048-QPZCF,8478661655,2013-09-24,2013-10-24,406,54.37,0,2013-09-29,1,5,0,438,26,612,25,0.07509962347818272,15.0,1,0.08,0.0,10,0,0,0,0,4.0,0.0,2013-10-24
2026-XLBER,7329436593,2013-09-24,2013-10-24,770,43.71,0,2013-10-06,1,12,0,316,18,624,17,0.13937455358529238,4.0,1,0.05882353,61.79,10,0,0,0,0,4.0,0.0,2013-10-24
2676-DZINU,6299892020,2013-09-24,2013-10-24,391,76.66,0,2013-10-11,1,17,0,340,24,613,23,0.0,1.0,0,0.0,73.86,10,0,0,0,0,3.0,0.0,2013-10-24
6048-QPZCF,2448402169,2013-09-24,2013-10-24,406,76.33,0,2013-09-29,1,5,0,438,25,612,25,0.07509962347818272,15.0,1,0.08,0.0,10,0,0,0,0,4.0,0.0,2013-10-24
6833-ETVHD,9083415808,2013-09-25,2013-10-25,406,56.38,0,2013-10-20,1,25,0,513,30,624,30,0.1812335822089991,0.0,1,0.06666667,0.0,10,0,0,0,0,5.0,0.0,2013-10-25
6048-QPZCF,3166292468,2013-09-25,2013-10-25,406,88.58,1,2013-10-19,1,24,0,439,27,613,25,0.07509962347818272,15.0,1,0.08,130.7,10,0,0,0,0,7.0,0.0,2013-10-25
6077-FDQRK,784468555,2013-09-25,2013-10-25,770,18.9,1,2013-10-25,1,30,0,379,25,626,25,0.03255694816149518,1.0,1,0.04,0.0,10,0,0,0,0,9.0,0.0,2013-10-25
6077-FDQRK,7166848125,2013-09-25,2013-10-25,770,52.45,0,2013-10-12,1,17,0,379,26,626,25,0.03255694816149518,1.0,1,0.04,0.0,10,0,0,0,0,4.0,0.0,2013-10-25
9286-VLKMI,6791824606,2013-09-25,2013-10-25,897,39.45,0,2013-09-30,1,5,0,224,25,603,25,0.0,1.0,0,0.0,0.0,10,0,0,0,0,4.0,0.0,2013-10-25
1604-LIFKX,2135320728,2013-09-25,2013-10-25,818,66.32,0,2013-11-05,1,41,11,193,17,631,17,14.050074751258743,0.0,1,1.0,0.0,10,0,0,1,1,8.0,8.0,2013-11-02
5924-UOPGH,5601820333,2013-09-25,2013-10-25,818,76.69,0,2013-10-09,1,14,0,111,26,604,25,2.661377386697704,7.0,1,0.24,71.19,10,0,0,0,0,2.0,0.0,2013-10-25
8887-NCUZC,6830035207,2013-09-26,2013-10-26,818,31.45,1,2013-11-04,1,39,9,247,30,632,29,6.3782224701832675,11.0,1,0.62068963,16.58,10,0,1,1,1,7.0,7.0,2013-11-02
9014-WENVB,8066534559,2013-09-26,2013-10-26,391,64.95,0,2013-10-19,1,23,0,54,21,618,21,2.700202894427516,0.0,1,0.33333334,0.0,10,0,1,0,0,4.0,0.0,2013-10-26
3831-FXWYK,884183285,2013-09-27,2013-10-27,770,53.05,0,2013-10-23,1,26,0,203,23,595,21,7.65227314161473,2.0,1,0.8095238,114.96000000000001,10,0,1,0,1,4.0,4.0,2013-10-31
9460-VAZGD,4047974141,2013-09-28,2013-10-28,897,51.0,0,2013-10-15,1,17,0,49,19,632,18,0.0,0.0,0,0.0,8.63,10,1,0,0,0,4.0,0.0,2013-10-28
5613-UHVMG,1185375111,2013-09-28,2013-10-28,818,67.08,1,2013-11-08,1,41,11,485,18,613,18,13.385542620400054,12.0,1,0.8888889,0.0,10,1,0,1,1,19.0,19.0,2013-11-16
8156-PCYBM,9121577010,2013-09-28,2013-10-28,391,76.25,0,2013-10-24,1,26,0,574,29,620,29,2.408009240627401,0.0,1,0.37931034,0.0,10,1,0,0,0,6.0,0.0,2013-10-28
9286-VLKMI,8119664084,2013-09-29,2013-10-29,897,47.32,0,2013-09-30,1,1,0,228,26,607,25,0.0,1.0,0,0.0,39.45,10,1,0,0,0,4.0,0.0,2013-10-29
9181-HEKGV,689403769,2013-09-29,2013-10-29,818,76.09,1,2013-11-11,0,43,13,0,22,611,20,12.832979666918504,11.0,1,0.8,172.37,10,1,0,1,1,15.0,15.0,2013-11-13
5920-DPXLN,6870131864,2013-09-29,2013-10-29,391,43.81,0,2013-10-12,1,13,0,322,22,590,22,0.2642141273971282,0.0,1,0.09090909,0.0,10,1,0,0,0,4.0,0.0,2013-10-29
0783-PEPYR,858258272,2013-09-30,2013-10-30,406,43.67,0,2013-11-10,0,41,11,0,19,631,16,9.701247620680013,3.0,1,1.0,182.14,10,1,0,1,1,8.0,8.0,2013-11-07
8820-BLYDZ,9037173247,2013-09-30,2013-10-30,391,66.82,0,2013-10-01,1,1,0,195,23,633,23,0.0,0.0,0,0.0,0.0,10,1,0,0,0,4.0,0.0,2013-10-30
3448-OWJOT,5411405629,2013-09-30,2013-10-30,406,73.99,1,2013-10-27,1,27,0,380,26,624,24,7.461854755213726,23.0,1,0.8333333,146.51999999999998,10,1,0,0,1,10.0,10.0,2013-11-09
5196-TWQXF,9618979999,2013-09-30,2013-10-30,391,54.25,0,2013-10-21,1,21,0,467,23,583,22,1.085622972331125,0.0,1,0.22727273,37.22,10,1,0,0,0,6.0,0.0,2013-10-30
5613-UHVMG,4937921214,2013-09-30,2013-10-30,818,53.8,0,2013-11-05,1,36,6,487,19,615,18,13.385542620400054,12.0,1,0.8888889,67.08,10,1,0,1,1,11.0,11.0,2013-11-10
9323-NDIOV,4398006570,2013-09-30,2013-10-30,770,44.81,0,2013-10-29,1,29,0,448,21,626,19,6.047801475790964,3.0,1,0.42105263,126.47,10,1,0,0,1,6.0,6.0,2013-11-05
6391-GBFQJ,7668955519,2013-10-01,2013-10-31,897,25.72,1,2013-11-02,0,32,2,0,12,600,12,0.0,2.0,0,0.0,0.0,10,1,0,1,0,8.0,0.0,2013-10-31
5573-KSOIA,5506147573,2013-10-02,2013-11-01,406,84.31,0,2013-10-26,1,24,0,2,20,621,20,10.103167302696187,6.0,1,1.0,0.0,11,0,0,0,1,5.0,5.0,2013-11-06
5920-DPXLN,5040778858,2013-10-02,2013-11-01,391,53.12,0,2013-10-23,1,21,0,325,23,593,22,0.2642141273971282,0.0,1,0.09090909,43.81,11,0,0,0,0,3.0,0.0,2013-11-01
9286-VLKMI,1586922908,2013-10-02,2013-11-01,897,68.48,0,2013-10-03,1,1,0,231,27,610,27,0.0,1.0,0,0.0,0.0,11,0,0,0,0,4.0,0.0,2013-11-01
6708-DPYTF,5826992356,2013-10-03,2013-11-02,391,105.25,0,2013-11-03,1,31,1,427,24,639,22,8.223270891126143,0.0,1,0.8181818,143.70999999999998,11,0,1,1,1,5.0,5.0,2013-11-07
3448-OWJOT,5259704172,2013-10-03,2013-11-02,406,64.74,1,2013-11-09,1,37,7,383,27,627,24,7.461854755213726,23.0,1,0.8333333,220.51,11,0,1,1,1,11.0,11.0,2013-11-13
6708-DPYTF,7992871769,2013-10-03,2013-11-02,391,99.22,0,2013-11-17,1,45,15,427,25,639,22,8.223270891126143,0.0,1,0.8181818,143.70999999999998,11,0,1,1,1,5.0,5.0,2013-11-07
0706-NRGUP,8978691415,2013-10-03,2013-11-02,770,44.36,0,2013-10-28,1,25,0,177,15,569,13,5.7461622667447365,0.0,1,0.7692308,33.839999999999996,11,0,1,0,1,4.0,4.0,2013-11-06
6160-HCSFI,4988241929,2013-10-03,2013-11-02,391,68.64,0,2013-10-17,1,14,0,266,27,629,27,0.07310079223048989,0.0,1,0.037037037,0.0,11,0,1,0,0,3.0,0.0,2013-11-02
9250-VHLWY,1061077534,2013-10-03,2013-11-02,897,53.85,0,2013-10-22,1,19,0,122,25,591,25,0.3742558466372951,1.0,1,0.12,0.0,11,0,1,0,0,3.0,0.0,2013-11-02
3569-VJWXS,2024965903,2013-10-04,2013-11-03,391,80.32,1,2013-11-09,1,36,6,178,23,616,23,1.1626056650208654,5.0,1,0.2173913,0.0,11,0,1,1,0,6.0,0.0,2013-11-03
0379-NEVHP,6478764177,2013-10-04,2013-11-03,391,64.72,0,2013-10-26,1,22,0,181,25,600,25,0.5665114048907458,2.0,1,0.04,0.0,11,0,1,0,0,3.0,0.0,2013-11-03
5148-SYKLB,9923599437,2013-10-04,2013-11-03,818,76.18,0,2013-10-27,1,23,0,37,16,627,16,7.4938601473564646,13.0,1,0.75,0.0,11,0,1,0,0,4.0,0.0,2013-11-03
9117-LYRCE,6235560565,2013-10-04,2013-11-03,406,59.73,0,2013-10-28,1,24,0,91,20,618,20,12.79225757756326,7.0,1,0.9,0.0,11,0,1,0,1,7.0,7.0,2013-11-10
6391-GBFQJ,3520423399,2013-10-04,2013-11-03,897,24.77,0,2013-10-17,0,13,0,0,13,603,12,0.0,2.0,0,0.0,25.72,11,0,1,0,0,4.0,0.0,2013-11-03
9725-EZTEJ,4695028902,2013-10-05,2013-11-04,406,64.05,1,2013-11-02,1,28,0,567,23,611,23,3.2415031215150036,21.0,1,0.5217391,0.0,11,0,0,0,1,8.0,8.0,2013-11-12
9286-VLKMI,7365861488,2013-10-05,2013-11-04,897,91.42,0,2013-10-08,1,3,0,234,28,613,28,0.0,1.0,0,0.0,0.0,11,0,0,0,0,3.0,0.0,2013-11-04
0706-NRGUP,2238525299,2013-10-05,2013-11-04,770,35.7,0,2013-10-26,1,21,0,179,16,571,14,5.603093039420118,0.0,1,0.71428573,68.17,11,0,0,0,1,5.0,5.0,2013-11-09
5592-UQXSS,755429128,2013-10-06,2013-11-05,770,43.12,1,2013-11-10,1,35,5,279,19,612,17,3.986331441825789,4.0,1,0.47058824,102.47999999999999,11,0,0,1,1,7.0,7.0,2013-11-12
5592-UQXSS,4867913310,2013-10-06,2013-11-05,770,36.26,0,2013-11-04,1,29,0,279,20,612,17,3.986331441825789,4.0,1,0.47058824,102.47999999999999,11,0,0,0,0,4.0,0.0,2013-11-05
2026-XLBER,679404840,2013-10-07,2013-11-06,770,49.73,0,2013-10-17,1,10,0,329,19,637,19,0.12565210493406623,5.0,1,0.05263158,0.0,11,0,0,0,0,3.0,0.0,2013-11-06
8156-PCYBM,3548287166,2013-10-07,2013-11-06,391,63.39,0,2013-11-03,1,27,0,583,30,629,29,2.408009240627401,0.0,1,0.37931034,76.25,11,0,0,0,0,6.0,0.0,2013-11-06
9323-NDIOV,6759921255,2013-10-08,2013-11-07,770,69.18,0,2013-11-02,1,25,0,456,22,634,19,6.047801475790964,3.0,1,0.42105263,171.28,11,0,0,0,0,6.0,0.0,2013-11-07
9212-BTDMX,2253964269,2013-10-09,2013-11-08,391,47.21,1,2013-11-11,1,33,3,535,25,632,25,0.0,0.0,0,0.0,0.0,11,0,0,1,0,11.0,0.0,2013-11-08
8389-TCXFQ,9469584989,2013-10-09,2013-11-08,406,59.21,0,2013-11-04,1,26,0,411,30,626,29,2.7303460067294316,14.0,1,0.31034482,67.76,11,0,0,0,0,4.0,0.0,2013-11-08
8887-NCUZC,6014957446,2013-10-09,2013-11-08,818,55.55,1,2013-11-13,1,35,5,260,31,645,29,6.3782224701832675,11.0,1,0.62068963,48.03,11,0,0,1,1,8.0,8.0,2013-11-16
5529-TBPGK,9016415003,2013-10-10,2013-11-09,391,41.92,0,2013-11-03,1,24,0,62,22,572,21,4.1303205465055175,2.0,1,0.6666667,91.03,11,0,1,0,0,3.0,0.0,2013-11-09
1080-NDGAE,2925434206,2013-10-11,2013-11-10,391,76.07,0,2013-10-23,1,12,0,378,27,645,26,3.885866348579077,20.0,1,0.5769231,94.57,11,0,1,0,0,4.0,0.0,2013-11-10
2687-XWAMA,9257925380,2013-10-11,2013-11-10,770,62.06,0,2013-10-18,1,7,0,191,25,629,25,0.31956879363803836,1.0,1,0.04,0.0,11,0,1,0,0,4.0,0.0,2013-11-10
9212-BTDMX,4454426709,2013-10-12,2013-11-11,391,66.23,0,2013-10-21,1,9,0,538,26,635,25,0.0,0.0,0,0.0,47.21,11,0,0,0,0,6.0,0.0,2013-11-11
9725-EZTEJ,4584232854,2013-10-13,2013-11-12,406,84.38,1,2013-11-02,1,20,0,575,24,619,23,3.2415031215150036,21.0,1,0.5217391,64.05,11,0,0,0,0,8.0,0.0,2013-11-12
2820-XGXSB,2677499546,2013-10-13,2013-11-12,391,54.18,0,2013-10-18,1,5,0,626,22,618,22,0.0,0.0,0,0.0,0.0,11,0,0,0,0,6.0,0.0,2013-11-12
9117-LYRCE,9184635048,2013-10-13,2013-11-12,406,68.25,0,2013-11-16,1,34,4,100,21,627,20,12.79225757756326,7.0,1,0.9,59.73,11,0,0,1,1,7.0,7.0,2013-11-19
2687-XWAMA,6008733621,2013-10-14,2013-11-13,770,48.8,0,2013-10-19,1,5,0,194,26,632,25,0.31956879363803836,1.0,1,0.04,62.06,11,0,0,0,0,4.0,0.0,2013-11-13
1408-OQZUE,1652571996,2013-10-14,2013-11-13,897,54.23,0,2013-11-11,1,28,0,395,21,609,20,8.301500741173543,6.0,1,0.7,40.66,11,0,0,0,0,5.0,0.0,2013-11-13
0709-LZRJV,7851279717,2013-10-15,2013-11-14,391,61.29,0,2013-11-06,1,22,0,117,22,604,22,3.7973862051703793,7.0,1,0.5,0.0,11,0,0,0,0,3.0,0.0,2013-11-14
3568-JJMFW,8786637235,2013-10-15,2013-11-14,818,60.71,1,2013-11-08,1,24,0,645,25,602,25,0.2931079862686132,23.0,1,0.08,0.0,11,0,0,0,0,9.0,0.0,2013-11-14
7841-HROAQ,9327462141,2013-10-16,2013-11-15,391,90.61,0,2013-11-06,1,21,0,31,19,623,19,2.397271249508871,5.0,1,0.36842105,0.0,11,0,0,0,0,3.0,0.0,2013-11-15
0187-ERLSR,5219455796,2013-10-17,2013-11-16,391,77.19,0,2013-10-20,1,3,0,78,13,567,13,0.0,5.0,0,0.0,0.0,11,0,1,0,0,3.0,0.0,2013-11-16
5592-UQXSS,2025587663,2013-10-17,2013-11-16,770,22.06,1,2013-11-23,1,37,7,290,21,623,19,4.452701476831526,5.0,1,0.47368422,79.38,11,0,1,1,1,7.0,7.0,2013-11-23
5920-DPXLN,9189385048,2013-10-17,2013-11-16,391,65.37,0,2013-11-01,1,15,0,340,24,608,23,0.2552344750009697,0.0,1,0.08695652,53.12,11,0,1,0,0,3.0,0.0,2013-11-16
6833-ETVHD,5728598959,2013-10-17,2013-11-16,406,71.7,0,2013-11-06,1,20,0,535,31,646,30,0.1812335822089991,0.0,1,0.06666667,56.38,11,0,1,0,0,6.0,0.0,2013-11-16
6391-GBFQJ,9380641705,2013-10-18,2013-11-17,897,8.61,0,2013-10-31,0,13,0,0,14,617,13,0.0,2.0,0,0.0,25.72,11,0,1,0,0,5.0,0.0,2013-11-17
2824-HJQPP,4871103320,2013-10-18,2013-11-17,818,59.07,0,2013-10-27,1,9,0,44,27,624,27,0.35979212515548753,2.0,1,0.074074075,0.0,11,0,1,0,0,3.0,0.0,2013-11-17
6708-DPYTF,9982796720,2013-10-18,2013-11-17,391,79.61,0,2013-12-01,1,44,14,442,26,654,24,7.620598903802366,0.0,1,0.7916667,204.47,11,0,1,1,1,8.0,8.0,2013-11-25
4092-ZAVRG,3240616518,2013-10-18,2013-11-17,406,63.56,0,2013-10-22,1,4,0,517,20,653,20,0.0,4.0,0,0.0,0.0,11,0,1,0,0,5.0,0.0,2013-11-17
1604-LIFKX,5395803659,2013-10-18,2013-11-17,818,51.64,0,2013-11-27,1,40,10,216,18,654,17,14.050074751258743,0.0,1,1.0,66.32,11,0,1,1,1,9.0,9.0,2013-11-26
8942-ERSWK,8585978960,2013-10-19,2013-11-18,897,7.39,0,2013-10-29,1,10,0,281,24,633,24,0.06338340730624788,4.0,1,0.041666668,0.0,11,0,0,0,0,3.0,0.0,2013-11-18
5284-DJOZO,1388703117,2013-10-19,2013-11-18,406,72.19,0,2013-10-26,1,7,0,403,29,645,29,0.24024021033342632,7.0,1,0.06896552,0.0,11,0,0,0,0,3.0,0.0,2013-11-18
8942-ERSWK,8893780423,2013-10-19,2013-11-18,897,20.22,0,2013-10-27,1,8,0,281,25,633,24,0.06338340730624788,4.0,1,0.041666668,0.0,11,0,0,0,0,3.0,0.0,2013-11-18
5573-KSOIA,524798729,2013-10-19,2013-11-18,406,57.78,0,2013-11-16,1,28,0,19,21,638,20,10.103167302696187,6.0,1,1.0,84.31,11,0,0,0,1,5.0,5.0,2013-11-23
7600-OISKG,2328511433,2013-10-20,2013-11-19,406,77.43,1,2013-11-12,1,23,0,93,21,617,21,2.9307391109511243,20.0,1,0.42857143,0.0,11,0,0,0,0,5.0,0.0,2013-11-19
4640-FGEJI,261246477,2013-10-20,2013-11-19,406,94.47,0,2013-11-05,1,16,0,199,32,648,32,4.202360097220397,10.0,1,0.40625,0.0,11,0,0,0,0,5.0,0.0,2013-11-19
0465-DTULQ,6674900941,2013-10-20,2013-11-19,770,46.07,0,2013-11-10,1,21,0,230,23,655,23,5.296974152281004,8.0,1,0.6086956,0.0,11,0,0,0,0,3.0,0.0,2013-11-19
6160-HCSFI,647569317,2013-10-20,2013-11-19,391,92.57,0,2013-11-01,1,12,0,283,28,646,28,0.07056624741122391,0.0,1,0.035714287,0.0,11,0,0,0,0,3.0,0.0,2013-11-19
3568-JJMFW,52765186,2013-10-20,2013-11-19,818,96.23,1,2013-11-09,1,20,0,650,26,607,25,0.2931079862686132,23.0,1,0.08,60.71,11,0,0,0,0,11.0,0.0,2013-11-19
7946-HJDUR,7200684326,2013-10-21,2013-11-20,818,55.21,0,2013-11-06,1,16,0,608,28,571,28,1.722583624190241,1.0,1,0.21428572,0.0,11,0,0,0,0,6.0,0.0,2013-11-20
4632-QZOKX,8148770791,2013-10-21,2013-11-20,406,36.28,1,2013-12-04,1,44,14,216,16,615,15,8.449050448047437,15.0,1,0.8666667,33.9,11,0,0,1,1,6.0,6.0,2013-11-26
7329-TWKLF,5433217651,2013-10-21,2013-11-20,391,78.59,0,2013-11-13,0,23,0,0,20,651,20,0.16666333965465618,0.0,1,0.1,0.0,11,0,0,0,0,4.0,0.0,2013-11-20
8887-NCUZC,9661947571,2013-10-21,2013-11-20,818,44.09,0,2013-11-21,1,31,1,272,32,657,30,6.26881175314262,11.0,1,0.6,87.0,11,0,0,1,0,4.0,0.0,2013-11-20
4640-FGEJI,5445841992,2013-10-21,2013-11-20,406,97.42,0,2013-11-14,1,24,0,200,33,649,32,4.202360097220397,10.0,1,0.40625,94.47,11,0,0,0,0,5.0,0.0,2013-11-20
9286-VLKMI,7961973380,2013-10-22,2013-11-21,897,41.64,0,2013-10-24,1,2,0,251,29,630,29,0.0,1.0,0,0.0,0.0,11,0,0,0,0,3.0,0.0,2013-11-21
1080-NDGAE,1388916055,2013-10-22,2013-11-21,391,94.19,1,2013-11-13,1,22,0,389,28,656,27,3.8080208465188154,21.0,1,0.5925926,76.07,11,0,0,0,0,9.0,0.0,2013-11-21
2824-HJQPP,6985831527,2013-10-22,2013-11-21,818,66.72,0,2013-11-10,1,19,0,48,28,628,27,0.35979212515548753,2.0,1,0.074074075,59.07,11,0,0,0,0,3.0,0.0,2013-11-21
2125-HJDLA,6732317450,2013-10-23,2013-11-22,391,62.04,0,2013-12-06,1,44,14,519,19,620,18,6.585860802476265,1.0,1,0.7222222,42.46,11,0,0,1,1,6.0,6.0,2013-11-28
7758-WKLVM,4518177634,2013-10-23,2013-11-22,770,60.3,0,2013-11-24,1,32,2,625,22,616,22,13.032316377483742,7.0,1,0.8636364,0.0,11,0,0,1,1,10.0,10.0,2013-12-02
5920-DPXLN,5315380309,2013-10-23,2013-11-22,391,61.19,0,2013-11-05,1,13,0,346,25,614,23,0.2552344750009697,0.0,1,0.08695652,118.49000000000001,11,0,0,0,0,4.0,0.0,2013-11-22
6708-DPYTF,8111779828,2013-10-24,2013-11-23,391,93.24,0,2013-12-03,1,40,10,448,27,660,24,7.620598903802366,0.0,1,0.7916667,284.08,11,0,1,1,1,8.0,8.0,2013-12-01
8690-EEBEO,4033537104,2013-10-24,2013-11-23,897,43.31,0,2013-12-01,1,38,8,323,27,634,27,7.916289579164338,1.0,1,0.8148148,0.0,11,0,1,1,1,4.0,4.0,2013-11-27
1604-LIFKX,7550415361,2013-10-24,2013-11-23,818,83.65,0,2013-12-06,1,43,13,222,19,660,17,14.050074751258743,0.0,1,1.0,117.96,11,0,1,1,1,8.0,8.0,2013-12-01
7050-KQLDO,371943035,2013-10-24,2013-11-23,770,76.69,0,2013-11-15,1,22,0,390,19,635,18,0.4405646158428173,1.0,1,0.22222222,88.99,11,0,1,0,0,4.0,0.0,2013-11-23
6833-ETVHD,3839625778,2013-10-25,2013-11-24,406,85.06,0,2013-11-10,1,16,0,543,32,654,31,0.1765477391543612,0.0,1,0.06451613,71.7,11,0,1,0,0,6.0,0.0,2013-11-24
4651-PMEXQ,2050809961,2013-10-25,2013-11-24,406,78.74,0,2013-11-23,1,29,0,478,20,655,20,0.9633653392499649,1.0,1,0.15,0.0,11,0,1,0,0,6.0,0.0,2013-11-24
2447-JCFGW,5032711986,2013-10-26,2013-11-25,770,82.34,0,2013-11-10,1,15,0,452,21,584,21,0.3537933264848,0.0,1,0.0952381,0.0,11,0,0,0,0,6.0,0.0,2013-11-25
8942-ERSWK,8564835935,2013-10-27,2013-11-26,897,9.53,0,2013-11-01,1,5,0,289,26,641,24,0.06338340730624788,4.0,1,0.041666668,27.61,11,0,0,0,0,4.0,0.0,2013-11-26
2676-DZINU,6481259640,2013-10-27,2013-11-26,391,53.68,0,2013-11-08,1,12,0,373,25,646,25,0.0,1.0,0,0.0,0.0,11,0,0,0,0,3.0,0.0,2013-11-26
2026-XLBER,9368067229,2013-10-27,2013-11-26,770,45.17,0,2013-11-07,1,11,0,349,20,657,20,0.12007919661809036,5.0,1,0.05,0.0,11,0,0,0,0,3.0,0.0,2013-11-26
5196-TWQXF,2811916189,2013-10-28,2013-11-27,391,54.07,0,2013-11-13,1,16,0,495,24,611,24,1.0111647646326651,0.0,1,0.20833333,0.0,11,0,0,0,0,6.0,0.0,2013-11-27
5573-KSOIA,3563628885,2013-10-28,2013-11-27,406,67.26,0,2013-11-22,1,25,0,28,22,647,21,9.60011221024657,6.0,1,0.95238096,57.78,11,0,0,0,1,5.0,5.0,2013-12-02
8942-ERSWK,4735063899,2013-10-29,2013-11-28,897,12.62,0,2013-11-06,1,8,0,291,27,643,25,0.061268604996534776,4.0,1,0.04,16.919999999999998,11,1,0,0,0,4.0,0.0,2013-11-28
9286-VLKMI,2197465105,2013-10-29,2013-11-28,897,76.74,1,2013-11-13,1,15,0,258,30,637,30,0.0,1.0,0,0.0,0.0,11,1,0,0,0,7.0,0.0,2013-11-28
5196-TWQXF,4072901129,2013-10-29,2013-11-28,391,78.49,0,2013-11-13,1,15,0,496,25,612,24,1.0111647646326651,0.0,1,0.20833333,54.07,11,1,0,0,0,6.0,0.0,2013-11-28
8690-EEBEO,9188939939,2013-10-30,2013-11-29,897,57.16,0,2013-12-05,1,36,6,329,28,640,27,7.916289579164338,1.0,1,0.8148148,43.31,11,1,0,1,1,4.0,4.0,2013-12-03
1447-YZKCL,8427086210,2013-10-30,2013-11-29,406,87.27,0,2013-12-05,1,36,6,446,21,630,21,4.445130400186581,2.0,1,0.61904764,0.0,11,1,0,1,1,6.0,6.0,2013-12-05
5196-TWQXF,3944350713,2013-10-30,2013-11-29,391,75.06,0,2013-11-19,1,20,0,497,26,613,24,1.0111647646326651,0.0,1,0.20833333,132.56,11,1,0,0,0,6.0,0.0,2013-11-29
6391-GBFQJ,3619199367,2013-10-30,2013-11-29,897,30.47,0,2013-11-15,0,16,0,0,15,629,13,0.0,2.0,0,0.0,34.33,11,1,0,0,0,4.0,0.0,2013-11-29
9322-YCTQO,5920658489,2013-10-30,2013-11-29,406,91.32,0,2013-11-25,1,26,0,572,16,640,16,6.909161955320243,0.0,1,0.9375,0.0,11,1,0,0,1,8.0,8.0,2013-12-07
3993-QUNVJ,1317885189,2013-10-30,2013-11-29,770,61.54,0,2013-11-10,1,11,0,303,23,666,23,0.0,2.0,0,0.0,0.0,11,1,0,0,0,3.0,0.0,2013-11-29
9758-AIEIK,9882515146,2013-10-31,2013-11-30,406,55.65,0,2013-11-12,1,12,0,556,19,639,19,1.5801356289352875,4.0,1,0.21052632,0.0,11,1,1,0,0,5.0,0.0,2013-11-30
8364-UWVLM,4220885855,2013-10-31,2013-11-30,818,87.67,1,2013-12-05,1,35,5,355,20,664,20,2.372687008851433,7.0,1,0.3,0.0,11,1,1,1,0,9.0,0.0,2013-11-30
5148-SYKLB,2924198306,2013-10-31,2013-11-30,818,91.26,0,2013-11-22,1,22,0,64,17,654,17,7.063398707595328,13.0,1,0.7058824,0.0,11,1,1,0,0,4.0,0.0,2013-11-30
7946-HJDUR,3148320908,2013-10-31,2013-11-30,818,56.48,0,2013-11-28,1,28,0,618,29,581,28,1.722583624190241,1.0,1,0.21428572,55.21,11,1,1,0,0,6.0,0.0,2013-11-30
6632-CGYHU,2529299296,2013-10-31,2013-11-30,391,94.71,0,2013-11-14,1,14,0,296,18,641,18,0.0,0.0,0,0.0,0.0,11,1,1,0,0,4.0,0.0,2013-11-30
3993-QUNVJ,8346126237,2013-10-31,2013-11-30,770,61.43,0,2013-11-05,1,5,0,304,24,667,23,0.0,2.0,0,0.0,61.54,11,1,1,0,0,4.0,0.0,2013-11-30
9725-EZTEJ,195093797,2013-11-02,2013-12-02,406,78.73,1,2013-12-04,1,32,2,595,25,639,23,3.2415031215150036,21.0,1,0.5217391,148.43,12,0,0,1,1,9.0,9.0,2013-12-11
9323-NDIOV,4381512590,2013-11-02,2013-12-02,770,68.28,0,2013-12-06,1,34,4,481,23,659,22,5.547303934239776,3.0,1,0.4090909,69.18,12,0,0,1,0,7.0,0.0,2013-12-02
6177-VTITE,5991374516,2013-11-02,2013-12-02,897,55.11,0,2013-11-10,1,8,0,372,19,635,19,0.0,4.0,0,0.0,0.0,12,0,0,0,0,4.0,0.0,2013-12-02
8887-NCUZC,649688883,2013-11-03,2013-12-03,818,52.14,0,2013-11-28,1,25,0,285,33,670,30,6.26881175314262,11.0,1,0.6,131.09,12,0,0,0,0,5.0,0.0,2013-12-03
2824-HJQPP,6926621731,2013-11-03,2013-12-03,818,64.67,0,2013-11-16,1,13,0,60,29,640,28,0.3475159279818395,2.0,1,0.071428575,66.72,12,0,0,0,0,3.0,0.0,2013-12-03
5875-VZQCZ,6151783720,2013-11-04,2013-12-04,818,62.17,1,2013-12-07,1,33,3,112,20,661,20,4.207493042787751,7.0,1,0.35,0.0,12,0,0,1,1,8.0,8.0,2013-12-12
9117-LYRCE,4988118072,2013-11-04,2013-12-04,406,47.33,0,2013-11-27,1,23,0,122,22,649,21,12.075919936249003,7.0,1,0.85714287,68.25,12,0,0,0,1,7.0,7.0,2013-12-11
9286-VLKMI,4369910958,2013-11-04,2013-12-04,897,32.62,0,2013-11-05,1,1,0,264,31,643,30,0.0,1.0,0,0.0,76.74,12,0,0,0,0,4.0,0.0,2013-12-04
9841-XLGBV,1553284771,2013-11-04,2013-12-04,391,65.96,0,2013-11-26,1,22,0,305,19,665,19,0.7523221325782079,0.0,1,0.10526316,0.0,12,0,0,0,0,4.0,0.0,2013-12-04
9883-SDWFS,6595838571,2013-11-04,2013-12-04,897,40.88,0,2013-11-27,1,23,0,119,29,667,29,8.768549280177183,15.0,1,0.79310346,0.0,12,0,0,0,1,5.0,5.0,2013-12-09
7856-ODQFO,9912278044,2013-11-04,2013-12-04,770,21.73,0,2013-11-19,1,15,0,456,26,630,26,1.9577539033083993,11.0,1,0.23076923,0.0,12,0,0,0,0,7.0,0.0,2013-12-04
9149-MATVB,2146884004,2013-11-05,2013-12-05,770,43.26,0,2013-11-19,1,14,0,189,29,583,29,0.6919992801871514,0.0,1,0.1724138,0.0,12,0,0,0,0,4.0,0.0,2013-12-05
0625-TNJFG,5539674578,2013-11-05,2013-12-05,770,44.4,0,2013-12-02,1,27,0,82,25,620,25,0.8935167413094476,1.0,1,0.2,0.0,12,0,0,0,0,3.0,0.0,2013-12-05
3598-DNURW,2867355070,2013-11-05,2013-12-05,391,90.41,0,2013-11-22,1,17,0,433,18,649,18,0.0,0.0,0,0.0,0.0,12,0,0,0,0,5.0,0.0,2013-12-05
5592-UQXSS,5949242829,2013-11-06,2013-12-06,770,44.87,1,2013-12-11,1,35,5,310,22,643,20,4.265622284277488,5.0,1,0.45,65.17999999999999,12,0,0,1,1,7.0,7.0,2013-12-13
7260-ZHAKS,2693687613,2013-11-06,2013-12-06,770,56.24,0,2013-11-27,1,21,0,507,22,609,22,0.6507821738689732,0.0,1,0.09090909,0.0,12,0,0,0,0,7.0,0.0,2013-12-06
6048-QPZCF,1349854883,2013-11-06,2013-12-06,406,78.83,0,2013-11-07,1,1,0,481,28,655,28,0.06768775148301842,16.0,1,0.071428575,0.0,12,0,0,0,0,7.0,0.0,2013-12-06
4460-ZXNDN,6452306428,2013-11-06,2013-12-06,770,56.03,0,2013-12-06,1,30,0,132,26,591,26,13.675169245647973,14.0,1,0.96153843,0.0,12,0,0,0,1,8.0,8.0,2013-12-14
0783-PEPYR,1056254354,2013-11-06,2013-12-06,406,71.78,0,2013-12-06,0,30,0,0,20,668,18,9.461618683177583,4.0,1,1.0,116.54,12,0,0,0,1,8.0,8.0,2013-12-14
0379-NEVHP,6579967070,2013-11-06,2013-12-06,391,59.56,0,2013-11-17,1,11,0,214,26,633,26,0.5424630399706155,2.0,1,0.03846154,0.0,12,0,0,0,0,4.0,0.0,2013-12-06
6708-DPYTF,1474447710,2013-11-07,2013-12-07,391,66.92,0,2013-12-15,1,38,8,462,28,674,25,7.244572637350186,0.0,1,0.8,272.07,12,0,1,1,1,9.0,9.0,2013-12-16
4460-ZXNDN,6878680146,2013-11-07,2013-12-07,770,52.84,0,2013-11-30,1,23,0,133,27,592,26,13.675169245647973,14.0,1,0.96153843,56.03,12,0,1,0,1,8.0,8.0,2013-12-15
9149-MATVB,5031169107,2013-11-08,2013-12-08,770,34.65,0,2013-11-25,1,17,0,192,30,586,29,0.6919992801871514,0.0,1,0.1724138,43.26,12,0,1,0,0,4.0,0.0,2013-12-08
5196-TWQXF,5118980474,2013-11-08,2013-12-08,391,69.22,0,2013-11-21,1,13,0,506,27,622,24,1.0111647646326651,0.0,1,0.20833333,207.62,12,0,1,0,0,8.0,0.0,2013-12-08
4640-FGEJI,1841884225,2013-11-08,2013-12-08,406,86.04,0,2013-11-26,1,18,0,218,34,667,33,4.040452691680261,10.0,1,0.3939394,97.42,12,0,1,0,0,5.0,0.0,2013-12-08
5920-DPXLN,1853646712,2013-11-08,2013-12-08,391,81.47,0,2013-11-20,1,12,0,362,26,630,26,0.2240098588576525,0.0,1,0.07692308,0.0,12,0,1,0,0,4.0,0.0,2013-12-08
6048-QPZCF,6412855977,2013-11-09,2013-12-09,406,77.14,1,2013-11-28,1,19,0,484,29,658,29,0.0653684828200726,16.0,1,0.06896552,0.0,12,0,0,0,0,9.0,0.0,2013-12-09
3271-HYHDN,1829655163,2013-11-09,2013-12-09,818,56.28,0,2013-11-11,1,2,0,195,17,641,17,0.0,0.0,0,0.0,0.0,12,0,0,0,0,5.0,0.0,2013-12-09
7372-CESLR,6393700803,2013-11-09,2013-12-09,897,40.94,0,2013-11-30,1,21,0,302,22,669,22,0.15853010401639966,1.0,1,0.045454547,0.0,12,0,0,0,0,4.0,0.0,2013-12-09
1168-BEASA,7483571988,2013-11-09,2013-12-09,897,85.32,0,2013-11-23,1,14,0,3,22,619,22,1.553090668431502,2.0,1,0.09090909,0.0,12,0,0,0,0,3.0,0.0,2013-12-09
9286-VLKMI,1826457023,2013-11-09,2013-12-09,897,72.93,1,2013-11-24,1,15,0,269,32,648,31,0.0,1.0,0,0.0,76.74,12,0,0,0,0,7.0,0.0,2013-12-09
5164-VMYWJ,2486669145,2013-11-10,2013-12-10,406,74.62,0,2013-12-03,0,23,0,0,30,677,30,2.9134292020727353,7.0,1,0.3,0.0,12,0,0,0,0,3.0,0.0,2013-12-10
5613-UHVMG,333420180,2013-11-10,2013-12-10,818,60.6,1,2013-12-12,1,32,2,528,20,656,20,12.916277973293822,13.0,1,0.9,0.0,12,0,0,1,1,22.0,22.0,2014-01-01
0187-ERLSR,5759027335,2013-11-11,2013-12-11,391,83.18,1,2013-11-24,1,13,0,103,14,592,14,0.0,5.0,0,0.0,0.0,12,0,0,0,0,7.0,0.0,2013-12-11
0625-TNJFG,6052640963,2013-11-11,2013-12-11,770,83.68,0,2013-12-01,1,20,0,88,26,626,25,0.8935167413094476,1.0,1,0.2,44.4,12,0,0,0,0,3.0,0.0,2013-12-11
7841-HROAQ,1393928750,2013-11-11,2013-12-11,391,72.62,0,2013-11-20,1,9,0,57,20,649,20,2.2408471598110378,5.0,1,0.35,0.0,12,0,0,0,0,4.0,0.0,2013-12-11
8690-EEBEO,2634865247,2013-11-11,2013-12-11,897,54.43,0,2013-12-18,1,37,7,341,29,652,27,7.916289579164338,1.0,1,0.8148148,100.47,12,0,0,1,1,4.0,4.0,2013-12-15
8942-ERSWK,381841466,2013-11-12,2013-12-12,897,32.95,0,2013-11-15,1,3,0,305,28,657,28,0.05842092013342564,4.0,1,0.035714287,0.0,12,0,0,0,0,3.0,0.0,2013-12-12
9323-NDIOV,1839830620,2013-11-13,2013-12-13,770,44.56,0,2013-12-16,1,33,3,492,24,670,23,5.235241022638562,3.0,1,0.39130434,68.28,12,0,0,1,0,7.0,0.0,2013-12-13
9212-BTDMX,1426850927,2013-11-13,2013-12-13,391,45.2,0,2013-11-30,1,17,0,570,27,667,27,0.09257649342754613,1.0,1,0.037037037,0.0,12,0,0,0,0,7.0,0.0,2013-12-13
9883-SDWFS,4958732401,2013-11-13,2013-12-13,897,32.02,0,2013-12-04,1,21,0,128,30,676,29,8.768549280177183,15.0,1,0.79310346,40.88,12,0,0,0,1,5.0,5.0,2013-12-18
7372-CESLR,3424410029,2013-11-13,2013-12-13,897,23.63,0,2013-11-19,1,6,0,306,23,673,22,0.15853010401639966,1.0,1,0.045454547,40.94,12,0,0,0,0,4.0,0.0,2013-12-13
0465-DTULQ,9010084863,2013-11-13,2013-12-13,770,58.22,0,2013-12-12,1,29,0,254,24,679,24,5.0985002521268115,8.0,1,0.5833333,0.0,12,0,0,0,0,4.0,0.0,2013-12-13
1080-NDGAE,5144461624,2013-11-13,2013-12-13,391,101.93,1,2013-12-16,1,33,3,411,29,678,28,3.685644881923028,21.0,1,0.5714286,94.19,12,0,0,1,1,11.0,11.0,2013-12-24
2125-HJDLA,6178537152,2013-11-13,2013-12-13,391,82.68,1,2014-01-03,1,51,21,540,20,641,19,6.745463953846831,1.0,1,0.7368421,62.04,12,0,0,1,1,17.0,17.0,2013-12-30
9174-IYKOC,7714500054,2013-11-14,2013-12-14,391,57.61,0,2013-12-06,1,22,0,352,25,629,25,1.7733274023646513,3.0,1,0.32,0.0,12,0,1,0,0,4.0,0.0,2013-12-14
5573-KSOIA,9238366168,2013-11-14,2013-12-14,406,104.58,0,2013-12-11,1,27,0,45,23,664,21,9.60011221024657,6.0,1,0.95238096,125.04,12,0,1,0,1,7.0,7.0,2013-12-21
7209-MDWKR,1384963125,2013-11-14,2013-12-14,391,80.14,0,2013-12-07,1,23,0,36,22,663,22,3.9501168628808867,0.0,1,0.6363636,0.0,12,0,1,0,0,4.0,0.0,2013-12-14
9758-AIEIK,4695983239,2013-11-14,2013-12-14,406,43.82,0,2013-12-01,1,17,0,570,20,653,20,1.5098756751574032,4.0,1,0.2,0.0,12,0,1,0,0,6.0,0.0,2013-12-14
7329-TWKLF,4767910867,2013-11-14,2013-12-14,391,89.35,0,2013-11-25,0,11,0,0,21,675,21,0.1583809692432214,0.0,1,0.0952381,0.0,12,0,1,0,0,4.0,0.0,2013-12-14
5592-UQXSS,3861006083,2013-11-15,2013-12-15,770,21.94,1,2013-12-31,1,46,16,319,23,652,21,4.3005683385752915,6.0,1,0.47619048,66.92999999999999,12,0,1,1,1,8.0,8.0,2013-12-23
9149-MATVB,1867249429,2013-11-15,2013-12-15,770,46.06,0,2013-12-08,1,23,0,199,31,593,29,0.6919992801871514,0.0,1,0.1724138,77.91,12,0,1,0,0,4.0,0.0,2013-12-15
3568-JJMFW,7957903409,2013-11-15,2013-12-15,818,82.29,0,2013-11-20,1,5,0,676,27,633,27,0.26942855819172973,25.0,1,0.074074075,0.0,12,0,1,0,0,7.0,0.0,2013-12-15
3598-DNURW,4905021101,2013-11-15,2013-12-15,391,91.34,0,2013-11-23,1,8,0,443,19,659,18,0.0,0.0,0,0.0,90.41,12,0,1,0,0,7.0,0.0,2013-12-15
7600-OISKG,2436471559,2013-11-15,2013-12-15,406,52.7,1,2013-12-15,1,30,0,119,22,643,22,2.7730040454311644,21.0,1,0.4090909,0.0,12,0,1,0,1,6.0,6.0,2013-12-21
0688-XNJRO,6254565489,2013-11-15,2013-12-15,897,56.04,0,2014-01-05,1,51,21,509,32,673,32,14.588852567334946,5.0,1,0.9375,0.0,12,0,1,1,1,10.0,10.0,2013-12-25
5613-UHVMG,9823818682,2013-11-16,2013-12-16,818,59.51,0,2013-12-23,1,37,7,534,21,662,20,12.916277973293822,13.0,1,0.9,60.6,12,0,0,1,1,10.0,10.0,2013-12-26
9771-QTLGZ,6740833908,2013-11-16,2013-12-16,406,55.94,1,2013-11-29,1,13,0,341,20,666,20,0.0,19.0,0,0.0,0.0,12,0,0,0,0,7.0,0.0,2013-12-16
9174-IYKOC,1854927312,2013-11-16,2013-12-16,391,57.12,0,2013-12-09,1,23,0,354,26,631,25,1.7733274023646513,3.0,1,0.32,57.61,12,0,0,0,0,4.0,0.0,2013-12-16
1447-YZKCL,5750325838,2013-11-16,2013-12-16,406,77.33,0,2013-12-17,1,31,1,463,22,647,21,4.445130400186581,2.0,1,0.61904764,87.27,12,0,0,1,1,7.0,7.0,2013-12-23
7841-HROAQ,2129779702,2013-11-18,2013-12-18,391,60.46,0,2013-12-06,1,18,0,64,21,656,20,2.2408471598110378,5.0,1,0.35,72.62,12,0,0,0,0,4.0,0.0,2013-12-18
5924-UOPGH,4722543209,2013-11-18,2013-12-18,818,78.83,0,2013-11-28,1,10,0,165,27,658,27,2.4775735328457613,8.0,1,0.22222222,0.0,12,0,0,0,0,4.0,0.0,2013-12-18
3831-FXWYK,5959305622,2013-11-18,2013-12-18,770,78.37,0,2013-12-15,1,27,0,255,24,647,24,7.263850818677986,2.0,1,0.75,0.0,12,0,0,0,1,4.0,4.0,2013-12-22
1080-NDGAE,4701158835,2013-11-18,2013-12-18,391,83.59,1,2013-12-23,1,35,5,416,30,683,29,3.5446005956226205,22.0,1,0.55172414,101.93,12,0,0,1,1,9.0,9.0,2013-12-27
2447-JCFGW,7697000588,2013-11-18,2013-12-18,770,54.3,0,2013-12-04,1,16,0,475,22,607,22,0.3280966074484413,0.0,1,0.09090909,0.0,12,0,0,0,0,7.0,0.0,2013-12-18
7050-KQLDO,2511656905,2013-11-19,2013-12-19,770,64.12,0,2013-12-03,1,14,0,416,20,661,20,0.6627279793356311,2.0,1,0.25,0.0,12,0,0,0,0,5.0,0.0,2013-12-19
2820-XGXSB,1691604826,2013-11-20,2013-12-20,391,82.41,0,2013-11-26,1,6,0,664,23,656,23,0.0,0.0,0,0.0,0.0,12,0,0,0,0,6.0,0.0,2013-12-20
6632-CGYHU,3345939091,2013-11-21,2013-12-21,391,102.41,0,2013-11-28,1,7,0,317,19,662,19,0.0,0.0,0,0.0,0.0,12,0,1,0,0,4.0,0.0,2013-12-21
5148-SYKLB,1054254710,2013-11-21,2013-12-21,818,75.54,1,2013-12-23,1,32,2,85,18,675,17,7.063398707595328,13.0,1,0.7058824,91.26,12,0,1,1,1,8.0,8.0,2013-12-29
0625-TNJFG,7203564937,2013-11-21,2013-12-21,770,92.48,0,2013-12-12,1,21,0,98,27,636,25,0.8935167413094476,1.0,1,0.2,128.08,12,0,1,0,0,4.0,0.0,2013-12-21
6391-GBFQJ,2464264785,2013-11-21,2013-12-21,897,34.22,1,2014-01-01,0,41,11,0,16,651,16,0.1852825703274142,3.0,1,0.0625,0.0,12,0,1,1,0,9.0,0.0,2013-12-21
6627-ELFBK,6884520592,2013-11-22,2013-12-22,818,44.89,0,2013-12-27,1,35,5,361,26,686,26,2.084944238987272,9.0,1,0.30769232,0.0,12,0,1,1,0,3.0,0.0,2013-12-22
5920-DPXLN,3652831331,2013-11-22,2013-12-22,391,44.71,0,2013-12-04,1,12,0,376,27,644,27,0.21223713069281383,0.0,1,0.074074075,0.0,12,0,1,0,0,4.0,0.0,2013-12-22
2687-XWAMA,6303890920,2013-11-23,2013-12-23,770,44.78,1,2013-12-15,1,22,0,234,27,672,27,0.2947935242490996,1.0,1,0.037037037,0.0,12,0,0,0,0,7.0,0.0,2013-12-23
5924-UOPGH,4671698071,2013-11-23,2013-12-23,818,109.96,1,2013-12-22,1,29,0,170,28,663,27,2.4775735328457613,8.0,1,0.22222222,78.83,12,0,0,0,0,9.0,0.0,2013-12-23
6831-FIODB,7115348997,2013-11-23,2013-12-23,770,47.47,0,2013-12-12,1,19,0,199,25,678,25,5.949957757125706,6.0,1,0.56,0.0,12,0,0,0,0,4.0,0.0,2013-12-23
9174-IYKOC,8675080549,2013-11-24,2013-12-24,391,51.62,0,2013-12-18,1,24,0,362,27,639,25,1.7733274023646513,3.0,1,0.32,114.72999999999999,12,0,0,0,0,4.0,0.0,2013-12-24
0709-LZRJV,2879905746,2013-11-24,2013-12-24,391,56.29,0,2013-12-24,1,30,0,157,23,644,23,3.600142376501098,7.0,1,0.47826087,0.0,12,0,0,0,0,4.0,0.0,2013-12-24
0688-XNJRO,1436424010,2013-11-24,2013-12-24,897,25.19,0,2014-01-08,1,45,15,518,33,682,32,14.588852567334946,5.0,1,0.9375,56.04,12,0,0,1,1,10.0,10.0,2014-01-03
0187-ERLSR,6279951505,2013-11-25,2013-12-25,391,65.57,1,2013-12-12,1,17,0,117,15,606,15,0.0,6.0,0,0.0,0.0,12,0,0,0,0,7.0,0.0,2013-12-25
6708-DPYTF,839756390,2013-11-25,2013-12-25,391,76.18,0,2013-12-31,1,36,6,480,29,692,26,7.638713742041562,0.0,1,0.8076923,239.76999999999998,12,0,0,1,1,8.0,8.0,2014-01-02
0465-DTULQ,6128855877,2013-11-25,2013-12-25,770,72.36,0,2013-12-23,1,28,0,266,25,691,24,5.0985002521268115,8.0,1,0.5833333,58.22,12,0,0,0,0,4.0,0.0,2013-12-25
1408-OQZUE,7127477711,2013-11-25,2013-12-25,897,41.08,0,2014-01-02,1,38,8,437,22,651,22,8.047208321067608,6.0,1,0.6818182,0.0,12,0,0,1,1,5.0,5.0,2013-12-30
9322-YCTQO,3523951475,2013-11-25,2013-12-25,406,107.04,0,2013-12-27,1,32,2,598,17,666,16,6.909161955320243,0.0,1,0.9375,91.32,12,0,0,1,1,10.0,10.0,2014-01-04
5592-UQXSS,1653708883,2013-11-26,2013-12-26,770,44.04,0,2013-12-21,1,25,0,330,24,663,22,4.364723500070027,7.0,1,0.5,66.81,12,0,0,0,0,4.0,0.0,2013-12-26
3676-CQAIF,1319645642,2013-11-26,2013-12-26,897,52.38,0,2013-12-31,1,35,5,120,16,681,16,10.572139682153079,2.0,1,0.875,0.0,12,0,0,1,1,6.0,6.0,2014-01-01
9149-MATVB,8553422918,2013-11-26,2013-12-26,770,51.42,0,2013-12-18,1,22,0,210,32,604,31,0.6552523242182177,0.0,1,0.16129032,46.06,12,0,0,0,0,4.0,0.0,2013-12-26
9323-NDIOV,9766114576,2013-11-26,2013-12-26,770,40.71,0,2013-12-24,1,28,0,505,25,683,23,5.235241022638562,3.0,1,0.39130434,112.84,12,0,0,0,0,7.0,0.0,2013-12-26
6160-HCSFI,5375281177,2013-11-26,2013-12-26,391,80.85,0,2013-12-07,1,11,0,320,29,683,29,0.06741399528053778,0.0,1,0.03448276,0.0,12,0,0,0,0,4.0,0.0,2013-12-26
9286-VLKMI,1166745208,2013-11-27,2013-12-27,897,74.75,1,2013-12-07,1,10,0,287,33,666,33,0.0,3.0,0,0.0,0.0,12,0,0,0,0,7.0,0.0,2013-12-27
9174-IYKOC,8052943053,2013-11-27,2013-12-27,391,71.6,0,2013-12-18,1,21,0,365,28,642,25,1.7733274023646513,3.0,1,0.32,166.35,12,0,0,0,0,4.0,0.0,2013-12-27
9771-QTLGZ,9866145537,2013-11-28,2013-12-28,406,50.83,1,2013-12-24,1,26,0,353,21,678,20,0.0,19.0,0,0.0,55.94,12,1,1,0,0,7.0,0.0,2013-12-28
0706-NRGUP,3910002517,2013-11-28,2013-12-28,770,29.37,0,2013-12-26,1,28,0,233,17,625,17,4.454520337076435,0.0,1,0.5882353,0.0,12,1,1,0,1,5.0,5.0,2014-01-02
0709-LZRJV,6179146246,2013-11-28,2013-12-28,391,32.82,0,2013-12-26,1,28,0,161,24,648,23,3.600142376501098,7.0,1,0.47826087,56.29,12,1,1,0,0,4.0,0.0,2013-12-28
6004-KITZM,4218477720,2013-11-28,2013-12-28,818,30.81,0,2013-12-08,1,10,0,88,17,628,17,0.0,0.0,0,0.0,0.0,12,1,1,0,0,5.0,0.0,2013-12-28
9149-MATVB,3250840107,2013-11-28,2013-12-28,770,42.57,0,2013-12-23,1,25,0,212,33,606,31,0.6552523242182177,0.0,1,0.16129032,97.48,12,1,1,0,0,4.0,0.0,2013-12-28
9928-IJYBQ,3581281649,2013-11-29,2013-12-29,770,54.16,0,2013-12-26,1,27,0,621,21,692,21,4.700062398602271,2.0,1,0.8095238,0.0,12,1,1,0,1,7.0,7.0,2014-01-05
9323-NDIOV,4025313129,2013-11-29,2013-12-29,770,84.38,0,2014-01-09,1,41,11,508,26,686,23,5.235241022638562,3.0,1,0.39130434,153.55,12,1,1,1,0,7.0,0.0,2013-12-29
8942-ERSWK,6342800937,2013-11-29,2013-12-29,897,22.35,0,2013-12-03,1,4,0,322,29,674,29,0.05554142795171352,4.0,1,0.03448276,0.0,12,1,1,0,0,4.0,0.0,2013-12-29
6177-VTITE,299012002,2013-11-29,2013-12-29,897,41.97,0,2013-12-13,1,14,0,399,20,662,20,0.0,4.0,0,0.0,0.0,12,1,1,0,0,4.0,0.0,2013-12-29
9322-YCTQO,3362601597,2013-11-30,2013-12-30,406,52.54,0,2014-01-05,1,36,6,603,18,671,17,6.491773889458537,0.0,1,0.88235295,107.04,12,1,0,1,1,9.0,9.0,2014-01-08
9149-MATVB,6381931555,2013-11-30,2013-12-30,770,48.59,0,2013-12-20,1,20,0,214,34,608,31,0.6552523242182177,0.0,1,0.16129032,140.05,12,1,0,0,0,5.0,0.0,2013-12-30
7856-ODQFO,300108731,2013-11-30,2013-12-30,770,49.71,1,2014-01-06,1,37,7,482,27,656,27,1.9227937248843345,11.0,1,0.22222222,0.0,12,1,0,1,1,10.0,10.0,2014-01-09
8690-EEBEO,2238411112,2013-11-30,2013-12-30,897,56.21,0,2014-01-02,1,33,3,360,30,671,27,7.916289579164338,1.0,1,0.8148148,154.9,12,1,0,1,1,4.0,4.0,2014-01-03
8389-TCXFQ,8502171486,2013-11-30,2013-12-30,406,73.6,1,2014-01-07,1,38,8,463,31,678,31,2.5527285209986736,15.0,1,0.29032257,0.0,12,1,0,1,0,9.0,0.0,2013-12-30
3831-FXWYK,9914585915,2013-12-01,2013-12-31,770,86.29,0,2014-01-04,1,34,4,268,25,660,24,7.263850818677986,2.0,1,0.75,78.37,12,1,0,1,1,4.0,4.0,2014-01-04
7372-CESLR,2267584907,2013-12-01,2013-12-31,897,52.76,0,2013-12-15,1,14,0,324,24,691,24,0.14655545547067836,1.0,1,0.041666668,0.0,12,1,0,0,0,4.0,0.0,2013-12-31
8389-TCXFQ,208940420,2013-12-01,2013-12-31,406,70.45,1,2014-01-04,1,34,4,464,32,679,31,2.5527285209986736,15.0,1,0.29032257,73.6,12,1,0,1,0,9.0,0.0,2013-12-31
6077-FDQRK,6440354171,2013-12-01,2013-12-31,770,44.41,0,2013-12-19,1,18,0,446,27,693,27,0.030626827971284225,2.0,1,0.037037037,0.0,12,1,0,0,0,6.0,0.0,2013-12-31
7209-MDWKR,2189582262,2013-12-02,2014-01-01,391,67.69,0,2013-12-28,1,26,0,54,23,681,22,3.9501168628808867,0.0,1,0.6363636,80.14,1,0,0,0,0,5.0,0.0,2014-01-01
8887-NCUZC,2455126326,2013-12-02,2014-01-01,818,49.51,0,2014-01-07,1,36,6,314,34,699,34,5.795900085233696,13.0,1,0.61764705,0.0,1,0,0,1,0,5.0,0.0,2014-01-01
6391-GBFQJ,9366628825,2013-12-02,2014-01-01,897,18.05,0,2013-12-13,1,11,0,7,17,662,16,0.1852825703274142,3.0,1,0.0625,34.22,1,0,0,0,0,7.0,0.0,2014-01-01
6391-GBFQJ,9835528694,2013-12-02,2014-01-01,897,8.38,1,2013-12-30,1,28,0,7,18,662,16,0.1852825703274142,3.0,1,0.0625,34.22,1,0,0,0,0,8.0,0.0,2014-01-01
9149-MATVB,8249581875,2013-12-02,2014-01-01,770,38.5,0,2013-12-16,1,14,0,216,35,610,31,0.6552523242182177,0.0,1,0.16129032,188.64000000000001,1,0,0,0,0,4.0,0.0,2014-01-01
